#
# There is insufficient memory for the Java Runtime Environment to continue.
# Native memory allocation (malloc) failed to allocate 2805632 bytes for Chunk::new
# Possible reasons:
#   The system is out of physical RAM or swap space
#   The process is running with CompressedOops enabled, and the Java Heap may be blocking the growth of the native heap
# Possible solutions:
#   Reduce memory load on the system
#   Increase physical memory or swap space
#   Check if swap backing store is full
#   Decrease Java heap size (-Xmx/-Xms)
#   Decrease number of Java threads
#   Decrease Java thread stack sizes (-Xss)
#   Set larger code cache with -XX:ReservedCodeCacheSize=
#   JVM is running with Unscaled Compressed Oops mode in which the Java heap is
#     placed in the first 4GB address space. The Java Heap base address is the
#     maximum limit for the native heap growth. Please use -XX:HeapBaseMinAddress
#     to set the Java Heap base and to place the Java Heap above 4GB virtual address.
# This output file may be truncated or incomplete.
#
#  Out of Memory Error (arena.cpp:189), pid=18376, tid=19812
#
# JRE version: Java(TM) SE Runtime Environment (17.0.8+9) (build 17.0.8+9-LTS-211)
# Java VM: Java HotSpot(TM) 64-Bit Server VM (17.0.8+9-LTS-211, mixed mode, sharing, tiered, compressed oops, compressed class ptrs, g1 gc, windows-amd64)
# No core dump will be written. Minidumps are not enabled by default on client versions of Windows
#

---------------  S U M M A R Y ------------

Command Line: --add-opens=java.base/java.lang=ALL-UNNAMED --add-opens=java.base/java.lang.invoke=ALL-UNNAMED --add-opens=java.base/java.util=ALL-UNNAMED --add-opens=java.prefs/java.util.prefs=ALL-UNNAMED --add-exports=jdk.compiler/com.sun.tools.javac.api=ALL-UNNAMED --add-exports=jdk.compiler/com.sun.tools.javac.util=ALL-UNNAMED --add-opens=java.base/java.util=ALL-UNNAMED --add-opens=java.prefs/java.util.prefs=ALL-UNNAMED --add-opens=java.base/java.nio.charset=ALL-UNNAMED --add-opens=java.base/java.net=ALL-UNNAMED --add-opens=java.base/java.util.concurrent=ALL-UNNAMED --add-opens=java.base/java.util.concurrent.atomic=ALL-UNNAMED --add-opens=java.xml/javax.xml.namespace=ALL-UNNAMED --add-opens=java.base/java.time=ALL-UNNAMED -XX:MaxMetaspaceSize=384m -XX:+HeapDumpOnOutOfMemoryError -Xms256m -Xmx512m -Dfile.encoding=UTF-8 -Duser.country=KR -Duser.language=ko -Duser.variant -javaagent:C:\Users\ws050\.gradle\wrapper\dists\gradle-9.3.1-bin\23ovyewtku6u96viwx3xl3oks\gradle-9.3.1\lib\agents\gradle-instrumentation-agent-9.3.1.jar org.gradle.launcher.daemon.bootstrap.GradleDaemon 9.3.1

Host: 11th Gen Intel(R) Core(TM) i7-1165G7 @ 2.80GHz, 8 cores, 15G,  Windows 11 , 64 bit Build 26100 (10.0.26100.7920)
Time: Tue Mar 24 11:29:27 2026  Windows 11 , 64 bit Build 26100 (10.0.26100.7920) elapsed time: 39.620999 seconds (0d 0h 0m 39s)

---------------  T H R E A D  ---------------

Current thread (0x0000020d47ae2df0):  JavaThread "C2 CompilerThread2" daemon [_thread_in_native, id=19812, stack(0x0000007bdd600000,0x0000007bdd700000)]


Current CompileTask:
C2:  39621 19029       4       org.gradle.tooling.internal.adapter.ProtocolToModelAdapter$SafeMethodInvoker::invoke (118 bytes)

Stack: [0x0000007bdd600000,0x0000007bdd700000]
Native frames: (J=compiled Java code, j=interpreted, Vv=VM code, C=native code)
V  [jvm.dll+0x677d0a]
V  [jvm.dll+0x7d8c54]
V  [jvm.dll+0x7da3fe]
V  [jvm.dll+0x7daa63]
V  [jvm.dll+0x245c5f]
V  [jvm.dll+0xaaa6b]
V  [jvm.dll+0xab00c]
V  [jvm.dll+0x361e8e]
V  [jvm.dll+0x1bb87a]
V  [jvm.dll+0x218157]
V  [jvm.dll+0x217431]
V  [jvm.dll+0x1a3af0]
V  [jvm.dll+0x2270be]
V  [jvm.dll+0x22535b]
V  [jvm.dll+0x78e7bc]
V  [jvm.dll+0x788bba]
V  [jvm.dll+0x676b35]
C  [ucrtbase.dll+0x37b0]
C  [KERNEL32.DLL+0x2e8d7]
C  [ntdll.dll+0x8c48c]


---------------  P R O C E S S  ---------------

Threads class SMR info:
_java_thread_list=0x0000020d46d4da40, length=147, elements={
0x0000020d0fd55bc0, 0x0000020d2a679590, 0x0000020d2a67abc0, 0x0000020d2a6a1090,
0x0000020d2a6a1950, 0x0000020d2a6a2d80, 0x0000020d2a6a41b0, 0x0000020d2a6a7490,
0x0000020d2a6b32a0, 0x0000020d2a69d910, 0x0000020d2a665560, 0x0000020d2a81f6f0,
0x0000020d45659a70, 0x0000020d4568a0c0, 0x0000020d45731af0, 0x0000020d4583faa0,
0x0000020d457184c0, 0x0000020d45837a10, 0x0000020d45a90cf0, 0x0000020d4597c8c0,
0x0000020d45970a50, 0x0000020d45972730, 0x0000020d459713f0, 0x0000020d45971d90,
0x0000020d45972c00, 0x0000020d459718c0, 0x0000020d459735a0, 0x0000020d45970580,
0x0000020d459730d0, 0x0000020d45973a70, 0x0000020d459700b0, 0x0000020d47a3a860,
0x0000020d47a3ad30, 0x0000020d47a3a390, 0x0000020d47a3bba0, 0x0000020d47a3b200,
0x0000020d47a39050, 0x0000020d47a3b6d0, 0x0000020d47a3c070, 0x0000020d47a3c540,
0x0000020d47a3ca10, 0x0000020d47a3d3b0, 0x0000020d47a399f0, 0x0000020d47a3d880,
0x0000020d47a39ec0, 0x0000020d47a3fa30, 0x0000020d47a3f090, 0x0000020d47a3f560,
0x0000020d47a3dd50, 0x0000020d47a3ff00, 0x0000020d47a403d0, 0x0000020d47a3e220,
0x0000020d47a3e6f0, 0x0000020d47a3ebc0, 0x0000020d47a408a0, 0x0000020d48d62c90,
0x0000020d48d63b00, 0x0000020d48d63fd0, 0x0000020d48d65310, 0x0000020d48d644a0,
0x0000020d48d65cb0, 0x0000020d48d657e0, 0x0000020d48d66180, 0x0000020d48d63160,
0x0000020d48d63630, 0x0000020d479d7420, 0x0000020d479d8760, 0x0000020d479d8290,
0x0000020d479d5c10, 0x0000020d479d78f0, 0x0000020d479d8c30, 0x0000020d479d7dc0,
0x0000020d479d60e0, 0x0000020d479d9100, 0x0000020d479d5740, 0x0000020d479d95d0,
0x0000020d479d9aa0, 0x0000020d479d6a80, 0x0000020d479d9f70, 0x0000020d479d65b0,
0x0000020d479d6f50, 0x0000020d479da440, 0x0000020d479dc120, 0x0000020d479dade0,
0x0000020d479da910, 0x0000020d479db780, 0x0000020d49257620, 0x0000020d49257af0,
0x0000020d49257150, 0x0000020d49254ad0, 0x0000020d49254fa0, 0x0000020d49255940,
0x0000020d49255470, 0x0000020d49255e10, 0x0000020d492562e0, 0x0000020d49256c80,
0x0000020d492567b0, 0x0000020d49257fc0, 0x0000020d49254600, 0x0000020d46b7ab50,
0x0000020d46b7d1d0, 0x0000020d46b7c360, 0x0000020d46b7a680, 0x0000020d46b7a1b0,
0x0000020d46b7b020, 0x0000020d46b7b4f0, 0x0000020d46b79810, 0x0000020d46b7cd00,
0x0000020d46b7b9c0, 0x0000020d46b7be90, 0x0000020d46b7c830, 0x0000020d46b7d6a0,
0x0000020d46b79ce0, 0x0000020d46b7e040, 0x0000020d46b7e510, 0x0000020d46b7e9e0,
0x0000020d46b7eeb0, 0x0000020d46b81060, 0x0000020d46b7f380, 0x0000020d46b7f850,
0x0000020d46b7fd20, 0x0000020d46b7db70, 0x0000020d46b801f0, 0x0000020d46b806c0,
0x0000020d46b80b90, 0x0000020d4afe0950, 0x0000020d4afe34a0, 0x0000020d4afe0e20,
0x0000020d4afe12f0, 0x0000020d4afe3970, 0x0000020d4afe2fd0, 0x0000020d4afe2160,
0x0000020d4afe1c90, 0x0000020d4afe17c0, 0x0000020d4afe2630, 0x0000020d4afe0480,
0x0000020d4afe2b00, 0x0000020d4afdffb0, 0x0000020d4afe5650, 0x0000020d4afe5180,
0x0000020d4afe4310, 0x0000020d4afe5b20, 0x0000020d4afe47e0, 0x0000020d4afe5ff0,
0x0000020d49813ad0, 0x0000020d47ae3d20, 0x0000020d47ae2df0
}

Java Threads: ( => current thread )
  0x0000020d0fd55bc0 JavaThread "main" [_thread_blocked, id=8968, stack(0x0000007bd3300000,0x0000007bd3400000)]
  0x0000020d2a679590 JavaThread "Reference Handler" daemon [_thread_blocked, id=18624, stack(0x0000007bd3a00000,0x0000007bd3b00000)]
  0x0000020d2a67abc0 JavaThread "Finalizer" daemon [_thread_blocked, id=7364, stack(0x0000007bd3b00000,0x0000007bd3c00000)]
  0x0000020d2a6a1090 JavaThread "Signal Dispatcher" daemon [_thread_blocked, id=15392, stack(0x0000007bd3c00000,0x0000007bd3d00000)]
  0x0000020d2a6a1950 JavaThread "Attach Listener" daemon [_thread_blocked, id=9212, stack(0x0000007bd3d00000,0x0000007bd3e00000)]
  0x0000020d2a6a2d80 JavaThread "Service Thread" daemon [_thread_blocked, id=17664, stack(0x0000007bd3e00000,0x0000007bd3f00000)]
  0x0000020d2a6a41b0 JavaThread "Monitor Deflation Thread" daemon [_thread_blocked, id=9048, stack(0x0000007bd3f00000,0x0000007bd4000000)]
  0x0000020d2a6a7490 JavaThread "C2 CompilerThread0" daemon [_thread_in_native, id=20732, stack(0x0000007bd4000000,0x0000007bd4100000)]
  0x0000020d2a6b32a0 JavaThread "C1 CompilerThread0" daemon [_thread_blocked, id=23860, stack(0x0000007bd4100000,0x0000007bd4200000)]
  0x0000020d2a69d910 JavaThread "Sweeper thread" daemon [_thread_blocked, id=21304, stack(0x0000007bd4200000,0x0000007bd4300000)]
  0x0000020d2a665560 JavaThread "Common-Cleaner" daemon [_thread_blocked, id=10384, stack(0x0000007bd4300000,0x0000007bd4400000)]
  0x0000020d2a81f6f0 JavaThread "Notification Thread" daemon [_thread_blocked, id=968, stack(0x0000007bd4400000,0x0000007bd4500000)]
  0x0000020d45659a70 JavaThread "Daemon health stats" [_thread_blocked, id=10292, stack(0x0000007bd4d00000,0x0000007bd4e00000)]
  0x0000020d4568a0c0 JavaThread "Incoming local TCP Connector on port 10995" [_thread_in_native, id=16328, stack(0x0000007bd4e00000,0x0000007bd4f00000)]
  0x0000020d45731af0 JavaThread "Daemon periodic checks" [_thread_blocked, id=21716, stack(0x0000007bd4f00000,0x0000007bd5000000)]
  0x0000020d4583faa0 JavaThread "Daemon" [_thread_blocked, id=22952, stack(0x0000007bd5000000,0x0000007bd5100000)]
  0x0000020d457184c0 JavaThread "Handler for socket connection from /127.0.0.1:10995 to /127.0.0.1:10996" [_thread_in_native, id=19404, stack(0x0000007bd5100000,0x0000007bd5200000)]
  0x0000020d45837a10 JavaThread "Cancel handler" [_thread_blocked, id=4952, stack(0x0000007bd5200000,0x0000007bd5300000)]
  0x0000020d45a90cf0 JavaThread "Daemon worker" [_thread_blocked, id=20708, stack(0x0000007bd5300000,0x0000007bd5400000)]
  0x0000020d4597c8c0 JavaThread "Asynchronous log dispatcher for DefaultDaemonConnection: socket connection from /127.0.0.1:10995 to /127.0.0.1:10996" [_thread_blocked, id=17252, stack(0x0000007bd5400000,0x0000007bd5500000)]
  0x0000020d45970a50 JavaThread "Stdin handler" [_thread_blocked, id=10504, stack(0x0000007bd5500000,0x0000007bd5600000)]
  0x0000020d45972730 JavaThread "Daemon client event forwarder" [_thread_blocked, id=10620, stack(0x0000007bd5600000,0x0000007bd5700000)]
  0x0000020d459713f0 JavaThread "Cache worker for journal cache (C:\Users\ws050\.gradle\caches\journal-1)" [_thread_blocked, id=19652, stack(0x0000007bd5900000,0x0000007bd5a00000)]
  0x0000020d45971d90 JavaThread "File lock request listener" [_thread_in_native, id=6996, stack(0x0000007bd5a00000,0x0000007bd5b00000)]
  0x0000020d45972c00 JavaThread "Cache worker for file hash cache (C:\Users\ws050\.gradle\caches\9.3.1\fileHashes)" [_thread_blocked, id=21164, stack(0x0000007bd5b00000,0x0000007bd5c00000)]
  0x0000020d459718c0 JavaThread "Cache worker for file hash cache (C:\Users\ws050\mini2\inspire-be\.gradle\9.3.1\fileHashes)" [_thread_blocked, id=21348, stack(0x0000007bd5d00000,0x0000007bd5e00000)]
  0x0000020d459735a0 JavaThread "Cache worker for Build Output Cleanup Cache (C:\Users\ws050\mini2\inspire-be\.gradle\buildOutputCleanup)" [_thread_blocked, id=24956, stack(0x0000007bd5e00000,0x0000007bd5f00000)]
  0x0000020d45970580 JavaThread "File watcher server" daemon [_thread_in_native, id=16048, stack(0x0000007bd5f00000,0x0000007bd6000000)]
  0x0000020d459730d0 JavaThread "File watcher consumer" daemon [_thread_blocked, id=23724, stack(0x0000007bd6000000,0x0000007bd6100000)]
  0x0000020d45973a70 JavaThread "jar transforms" [_thread_blocked, id=18836, stack(0x0000007bd6200000,0x0000007bd6300000)]
  0x0000020d459700b0 JavaThread "jar transforms Thread 2" [_thread_blocked, id=1816, stack(0x0000007bd6300000,0x0000007bd6400000)]
  0x0000020d47a3a860 JavaThread "jar transforms Thread 3" [_thread_blocked, id=24096, stack(0x0000007bd6400000,0x0000007bd6500000)]
  0x0000020d47a3ad30 JavaThread "jar transforms Thread 4" [_thread_blocked, id=13152, stack(0x0000007bd6500000,0x0000007bd6600000)]
  0x0000020d47a3a390 JavaThread "jar transforms Thread 5" [_thread_blocked, id=23360, stack(0x0000007bd6600000,0x0000007bd6700000)]
  0x0000020d47a3bba0 JavaThread "jar transforms Thread 6" [_thread_blocked, id=22004, stack(0x0000007bd6700000,0x0000007bd6800000)]
  0x0000020d47a3b200 JavaThread "jar transforms Thread 7" [_thread_blocked, id=23644, stack(0x0000007bd6800000,0x0000007bd6900000)]
  0x0000020d47a39050 JavaThread "jar transforms Thread 8" [_thread_blocked, id=16208, stack(0x0000007bd6900000,0x0000007bd6a00000)]
  0x0000020d47a3b6d0 JavaThread "Cache worker for checksums cache (C:\Users\ws050\mini2\inspire-be\.gradle\9.3.1\checksums)" [_thread_blocked, id=10268, stack(0x0000007bd6a00000,0x0000007bd6b00000)]
  0x0000020d47a3c070 JavaThread "Cache worker for file content cache (C:\Users\ws050\.gradle\caches\9.3.1\fileContent)" [_thread_blocked, id=7608, stack(0x0000007bd6b00000,0x0000007bd6c00000)]
  0x0000020d47a3c540 JavaThread "Cache worker for cache directory md-supplier (C:\Users\ws050\.gradle\caches\9.3.1\md-supplier)" [_thread_blocked, id=21188, stack(0x0000007bd6c00000,0x0000007bd6d00000)]
  0x0000020d47a3ca10 JavaThread "Cache worker for cache directory md-rule (C:\Users\ws050\.gradle\caches\9.3.1\md-rule)" [_thread_blocked, id=18900, stack(0x0000007bd6d00000,0x0000007bd6e00000)]
  0x0000020d47a3d3b0 JavaThread "Unconstrained build operations" [_thread_blocked, id=6120, stack(0x0000007bd6e00000,0x0000007bd6f00000)]
  0x0000020d47a399f0 JavaThread "Unconstrained build operations Thread 2" [_thread_blocked, id=22980, stack(0x0000007bd6f00000,0x0000007bd7000000)]
  0x0000020d47a3d880 JavaThread "Unconstrained build operations Thread 3" [_thread_blocked, id=5260, stack(0x0000007bd7000000,0x0000007bd7100000)]
  0x0000020d47a39ec0 JavaThread "Unconstrained build operations Thread 4" [_thread_blocked, id=14532, stack(0x0000007bd7100000,0x0000007bd7200000)]
  0x0000020d47a3fa30 JavaThread "Unconstrained build operations Thread 5" [_thread_blocked, id=3680, stack(0x0000007bd7200000,0x0000007bd7300000)]
  0x0000020d47a3f090 JavaThread "Unconstrained build operations Thread 6" [_thread_blocked, id=21600, stack(0x0000007bd7300000,0x0000007bd7400000)]
  0x0000020d47a3f560 JavaThread "Unconstrained build operations Thread 7" [_thread_blocked, id=21532, stack(0x0000007bd7400000,0x0000007bd7500000)]
  0x0000020d47a3dd50 JavaThread "Unconstrained build operations Thread 8" [_thread_blocked, id=23148, stack(0x0000007bd7500000,0x0000007bd7600000)]
  0x0000020d47a3ff00 JavaThread "Unconstrained build operations Thread 9" [_thread_blocked, id=21308, stack(0x0000007bd7600000,0x0000007bd7700000)]
  0x0000020d47a403d0 JavaThread "Unconstrained build operations Thread 10" [_thread_blocked, id=15740, stack(0x0000007bd7700000,0x0000007bd7800000)]
  0x0000020d47a3e220 JavaThread "Unconstrained build operations Thread 11" [_thread_blocked, id=24736, stack(0x0000007bd7800000,0x0000007bd7900000)]
  0x0000020d47a3e6f0 JavaThread "Unconstrained build operations Thread 12" [_thread_blocked, id=25164, stack(0x0000007bd7900000,0x0000007bd7a00000)]
  0x0000020d47a3ebc0 JavaThread "Unconstrained build operations Thread 13" [_thread_blocked, id=24952, stack(0x0000007bd7a00000,0x0000007bd7b00000)]
  0x0000020d47a408a0 JavaThread "Unconstrained build operations Thread 14" [_thread_blocked, id=17736, stack(0x0000007bd7b00000,0x0000007bd7c00000)]
  0x0000020d48d62c90 JavaThread "Cache worker for Build Output Cleanup Cache (C:\Users\ws050\mini2\inspire-be\build-logic\.gradle\buildOutputCleanup)" [_thread_blocked, id=14096, stack(0x0000007bd7c00000,0x0000007bd7d00000)]
  0x0000020d48d63b00 JavaThread "Unconstrained build operations Thread 15" [_thread_blocked, id=17496, stack(0x0000007bd7d00000,0x0000007bd7e00000)]
  0x0000020d48d63fd0 JavaThread "Unconstrained build operations Thread 16" [_thread_blocked, id=19708, stack(0x0000007bd7e00000,0x0000007bd7f00000)]
  0x0000020d48d65310 JavaThread "Unconstrained build operations Thread 17" [_thread_blocked, id=23768, stack(0x0000007bd7f00000,0x0000007bd8000000)]
  0x0000020d48d644a0 JavaThread "Unconstrained build operations Thread 18" [_thread_blocked, id=25380, stack(0x0000007bd8000000,0x0000007bd8100000)]
  0x0000020d48d65cb0 JavaThread "Unconstrained build operations Thread 19" [_thread_blocked, id=14136, stack(0x0000007bd8100000,0x0000007bd8200000)]
  0x0000020d48d657e0 JavaThread "Unconstrained build operations Thread 20" [_thread_blocked, id=12996, stack(0x0000007bd8200000,0x0000007bd8300000)]
  0x0000020d48d66180 JavaThread "Unconstrained build operations Thread 21" [_thread_blocked, id=6804, stack(0x0000007bd8300000,0x0000007bd8400000)]
  0x0000020d48d63160 JavaThread "Unconstrained build operations Thread 22" [_thread_blocked, id=9600, stack(0x0000007bd6100000,0x0000007bd6200000)]
  0x0000020d48d63630 JavaThread "Unconstrained build operations Thread 23" [_thread_blocked, id=15292, stack(0x0000007bd8400000,0x0000007bd8500000)]
  0x0000020d479d7420 JavaThread "Unconstrained build operations Thread 24" [_thread_blocked, id=25056, stack(0x0000007bd8500000,0x0000007bd8600000)]
  0x0000020d479d8760 JavaThread "Unconstrained build operations Thread 25" [_thread_blocked, id=20596, stack(0x0000007bd8600000,0x0000007bd8700000)]
  0x0000020d479d8290 JavaThread "Unconstrained build operations Thread 26" [_thread_blocked, id=16644, stack(0x0000007bd8700000,0x0000007bd8800000)]
  0x0000020d479d5c10 JavaThread "Unconstrained build operations Thread 27" [_thread_blocked, id=19596, stack(0x0000007bd8800000,0x0000007bd8900000)]
  0x0000020d479d78f0 JavaThread "Unconstrained build operations Thread 28" [_thread_blocked, id=22448, stack(0x0000007bd8900000,0x0000007bd8a00000)]
  0x0000020d479d8c30 JavaThread "Unconstrained build operations Thread 29" [_thread_blocked, id=6428, stack(0x0000007bd8a00000,0x0000007bd8b00000)]
  0x0000020d479d7dc0 JavaThread "Unconstrained build operations Thread 30" [_thread_blocked, id=16732, stack(0x0000007bd8b00000,0x0000007bd8c00000)]
  0x0000020d479d60e0 JavaThread "Unconstrained build operations Thread 31" [_thread_blocked, id=22352, stack(0x0000007bd8c00000,0x0000007bd8d00000)]
  0x0000020d479d9100 JavaThread "Unconstrained build operations Thread 32" [_thread_blocked, id=9720, stack(0x0000007bd8d00000,0x0000007bd8e00000)]
  0x0000020d479d5740 JavaThread "Unconstrained build operations Thread 33" [_thread_blocked, id=20776, stack(0x0000007bd8e00000,0x0000007bd8f00000)]
  0x0000020d479d95d0 JavaThread "Unconstrained build operations Thread 34" [_thread_blocked, id=9420, stack(0x0000007bd8f00000,0x0000007bd9000000)]
  0x0000020d479d9aa0 JavaThread "Unconstrained build operations Thread 35" [_thread_blocked, id=16816, stack(0x0000007bd9000000,0x0000007bd9100000)]
  0x0000020d479d6a80 JavaThread "Unconstrained build operations Thread 36" [_thread_blocked, id=22244, stack(0x0000007bd9100000,0x0000007bd9200000)]
  0x0000020d479d9f70 JavaThread "Unconstrained build operations Thread 37" [_thread_blocked, id=11848, stack(0x0000007bd9200000,0x0000007bd9300000)]
  0x0000020d479d65b0 JavaThread "Unconstrained build operations Thread 38" [_thread_blocked, id=15332, stack(0x0000007bd9300000,0x0000007bd9400000)]
  0x0000020d479d6f50 JavaThread "Unconstrained build operations Thread 39" [_thread_blocked, id=6920, stack(0x0000007bd9400000,0x0000007bd9500000)]
  0x0000020d479da440 JavaThread "Unconstrained build operations Thread 40" [_thread_blocked, id=23852, stack(0x0000007bd9500000,0x0000007bd9600000)]
  0x0000020d479dc120 JavaThread "Unconstrained build operations Thread 41" [_thread_blocked, id=3760, stack(0x0000007bd9600000,0x0000007bd9700000)]
  0x0000020d479dade0 JavaThread "Unconstrained build operations Thread 42" [_thread_blocked, id=23448, stack(0x0000007bd9700000,0x0000007bd9800000)]
  0x0000020d479da910 JavaThread "Memory manager" [_thread_blocked, id=20504, stack(0x0000007bd9800000,0x0000007bd9900000)]
  0x0000020d479db780 JavaThread "ForkJoinPool.commonPool-worker-1" daemon [_thread_blocked, id=9660, stack(0x0000007bd9c00000,0x0000007bd9d00000)]
  0x0000020d49257620 JavaThread "ForkJoinPool.commonPool-worker-2" daemon [_thread_blocked, id=24204, stack(0x0000007bd9d00000,0x0000007bd9e00000)]
  0x0000020d49257af0 JavaThread "ForkJoinPool.commonPool-worker-3" daemon [_thread_blocked, id=14388, stack(0x0000007bd9e00000,0x0000007bd9f00000)]
  0x0000020d49257150 JavaThread "ForkJoinPool.commonPool-worker-4" daemon [_thread_blocked, id=18840, stack(0x0000007bd9f00000,0x0000007bda000000)]
  0x0000020d49254ad0 JavaThread "ForkJoinPool.commonPool-worker-5" daemon [_thread_blocked, id=11372, stack(0x0000007bda000000,0x0000007bda100000)]
  0x0000020d49254fa0 JavaThread "ForkJoinPool.commonPool-worker-6" daemon [_thread_blocked, id=24844, stack(0x0000007bda100000,0x0000007bda200000)]
  0x0000020d49255940 JavaThread "ForkJoinPool.commonPool-worker-7" daemon [_thread_blocked, id=23020, stack(0x0000007bda200000,0x0000007bda300000)]
  0x0000020d49255470 JavaThread "Exec process" daemon [_thread_blocked, id=5212, stack(0x0000007bda300000,0x0000007bda400000)]
  0x0000020d49255e10 JavaThread "Exec process Thread 2" daemon [_thread_blocked, id=21760, stack(0x0000007bda400000,0x0000007bda500000)]
  0x0000020d492562e0 JavaThread "Exec process Thread 3" daemon [_thread_blocked, id=25064, stack(0x0000007bda500000,0x0000007bda600000)]
  0x0000020d49256c80 JavaThread "included builds" [_thread_blocked, id=2732, stack(0x0000007bda600000,0x0000007bda700000)]
  0x0000020d492567b0 JavaThread "Execution worker" [_thread_blocked, id=17172, stack(0x0000007bda700000,0x0000007bda800000)]
  0x0000020d49257fc0 JavaThread "Execution worker Thread 2" [_thread_blocked, id=22488, stack(0x0000007bda800000,0x0000007bda900000)]
  0x0000020d49254600 JavaThread "Execution worker Thread 3" [_thread_blocked, id=13740, stack(0x0000007bda900000,0x0000007bdaa00000)]
  0x0000020d46b7ab50 JavaThread "Execution worker Thread 4" [_thread_blocked, id=1452, stack(0x0000007bdaa00000,0x0000007bdab00000)]
  0x0000020d46b7d1d0 JavaThread "Execution worker Thread 5" [_thread_blocked, id=16388, stack(0x0000007bdab00000,0x0000007bdac00000)]
  0x0000020d46b7c360 JavaThread "Execution worker Thread 6" [_thread_blocked, id=21344, stack(0x0000007bdac00000,0x0000007bdad00000)]
  0x0000020d46b7a680 JavaThread "Execution worker Thread 7" [_thread_blocked, id=23156, stack(0x0000007bdad00000,0x0000007bdae00000)]
  0x0000020d46b7a1b0 JavaThread "Cache worker for execution history cache (C:\Users\ws050\mini2\inspire-be\build-logic\.gradle\9.3.1\executionHistory)" [_thread_blocked, id=21544, stack(0x0000007bdae00000,0x0000007bdaf00000)]
  0x0000020d46b7b020 JavaThread "Unconstrained build operations Thread 43" [_thread_blocked, id=20684, stack(0x0000007bdaf00000,0x0000007bdb000000)]
  0x0000020d46b7b4f0 JavaThread "Unconstrained build operations Thread 44" [_thread_blocked, id=8664, stack(0x0000007bdb000000,0x0000007bdb100000)]
  0x0000020d46b79810 JavaThread "Unconstrained build operations Thread 45" [_thread_blocked, id=18460, stack(0x0000007bdb100000,0x0000007bdb200000)]
  0x0000020d46b7cd00 JavaThread "Unconstrained build operations Thread 46" [_thread_blocked, id=18208, stack(0x0000007bdb200000,0x0000007bdb300000)]
  0x0000020d46b7b9c0 JavaThread "Unconstrained build operations Thread 47" [_thread_blocked, id=15000, stack(0x0000007bdb300000,0x0000007bdb400000)]
  0x0000020d46b7be90 JavaThread "Unconstrained build operations Thread 48" [_thread_blocked, id=21720, stack(0x0000007bdb400000,0x0000007bdb500000)]
  0x0000020d46b7c830 JavaThread "Unconstrained build operations Thread 49" [_thread_blocked, id=3168, stack(0x0000007bdb500000,0x0000007bdb600000)]
  0x0000020d46b7d6a0 JavaThread "Unconstrained build operations Thread 50" [_thread_blocked, id=24176, stack(0x0000007bdb600000,0x0000007bdb700000)]
  0x0000020d46b79ce0 JavaThread "Unconstrained build operations Thread 51" [_thread_blocked, id=20272, stack(0x0000007bdb700000,0x0000007bdb800000)]
  0x0000020d46b7e040 JavaThread "Unconstrained build operations Thread 52" [_thread_blocked, id=24652, stack(0x0000007bdb800000,0x0000007bdb900000)]
  0x0000020d46b7e510 JavaThread "Unconstrained build operations Thread 53" [_thread_blocked, id=13220, stack(0x0000007bdb900000,0x0000007bdba00000)]
  0x0000020d46b7e9e0 JavaThread "Unconstrained build operations Thread 54" [_thread_blocked, id=3848, stack(0x0000007bdba00000,0x0000007bdbb00000)]
  0x0000020d46b7eeb0 JavaThread "Unconstrained build operations Thread 55" [_thread_blocked, id=20464, stack(0x0000007bdbb00000,0x0000007bdbc00000)]
  0x0000020d46b81060 JavaThread "Unconstrained build operations Thread 56" [_thread_blocked, id=656, stack(0x0000007bdbc00000,0x0000007bdbd00000)]
  0x0000020d46b7f380 JavaThread "Unconstrained build operations Thread 57" [_thread_blocked, id=19116, stack(0x0000007bdbd00000,0x0000007bdbe00000)]
  0x0000020d46b7f850 JavaThread "Unconstrained build operations Thread 58" [_thread_blocked, id=22476, stack(0x0000007bdbe00000,0x0000007bdbf00000)]
  0x0000020d46b7fd20 JavaThread "Unconstrained build operations Thread 59" [_thread_blocked, id=18668, stack(0x0000007bdbf00000,0x0000007bdc000000)]
  0x0000020d46b7db70 JavaThread "Unconstrained build operations Thread 60" [_thread_blocked, id=22132, stack(0x0000007bdc000000,0x0000007bdc100000)]
  0x0000020d46b801f0 JavaThread "Unconstrained build operations Thread 61" [_thread_blocked, id=16252, stack(0x0000007bdc100000,0x0000007bdc200000)]
  0x0000020d46b806c0 JavaThread "Unconstrained build operations Thread 62" [_thread_blocked, id=20968, stack(0x0000007bdc200000,0x0000007bdc300000)]
  0x0000020d46b80b90 JavaThread "Unconstrained build operations Thread 63" [_thread_blocked, id=21692, stack(0x0000007bdc300000,0x0000007bdc400000)]
  0x0000020d4afe0950 JavaThread "Unconstrained build operations Thread 64" [_thread_blocked, id=20740, stack(0x0000007bdc400000,0x0000007bdc500000)]
  0x0000020d4afe34a0 JavaThread "Unconstrained build operations Thread 65" [_thread_blocked, id=16344, stack(0x0000007bdc500000,0x0000007bdc600000)]
  0x0000020d4afe0e20 JavaThread "Unconstrained build operations Thread 66" [_thread_blocked, id=22552, stack(0x0000007bdc600000,0x0000007bdc700000)]
  0x0000020d4afe12f0 JavaThread "Unconstrained build operations Thread 67" [_thread_blocked, id=22520, stack(0x0000007bdc700000,0x0000007bdc800000)]
  0x0000020d4afe3970 JavaThread "Unconstrained build operations Thread 68" [_thread_blocked, id=2840, stack(0x0000007bdc800000,0x0000007bdc900000)]
  0x0000020d4afe2fd0 JavaThread "Unconstrained build operations Thread 69" [_thread_blocked, id=2192, stack(0x0000007bdc900000,0x0000007bdca00000)]
  0x0000020d4afe2160 JavaThread "Unconstrained build operations Thread 70" [_thread_blocked, id=17772, stack(0x0000007bdca00000,0x0000007bdcb00000)]
  0x0000020d4afe1c90 JavaThread "Unconstrained build operations Thread 71" [_thread_blocked, id=21260, stack(0x0000007bdcb00000,0x0000007bdcc00000)]
  0x0000020d4afe17c0 JavaThread "Unconstrained build operations Thread 72" [_thread_blocked, id=20828, stack(0x0000007bdcc00000,0x0000007bdcd00000)]
  0x0000020d4afe2630 JavaThread "Unconstrained build operations Thread 73" [_thread_blocked, id=1644, stack(0x0000007bdcd00000,0x0000007bdce00000)]
  0x0000020d4afe0480 JavaThread "Unconstrained build operations Thread 74" [_thread_blocked, id=19796, stack(0x0000007bdce00000,0x0000007bdcf00000)]
  0x0000020d4afe2b00 JavaThread "Unconstrained build operations Thread 75" [_thread_blocked, id=964, stack(0x0000007bdcf00000,0x0000007bdd000000)]
  0x0000020d4afdffb0 JavaThread "Unconstrained build operations Thread 76" [_thread_blocked, id=8584, stack(0x0000007bdd000000,0x0000007bdd100000)]
  0x0000020d4afe5650 JavaThread "Unconstrained build operations Thread 77" [_thread_blocked, id=3216, stack(0x0000007bdd100000,0x0000007bdd200000)]
  0x0000020d4afe5180 JavaThread "Unconstrained build operations Thread 78" [_thread_blocked, id=5904, stack(0x0000007bdd200000,0x0000007bdd300000)]
  0x0000020d4afe4310 JavaThread "Unconstrained build operations Thread 79" [_thread_blocked, id=21944, stack(0x0000007bdd300000,0x0000007bdd400000)]
  0x0000020d4afe5b20 JavaThread "Unconstrained build operations Thread 80" [_thread_blocked, id=10180, stack(0x0000007bdd400000,0x0000007bdd500000)]
  0x0000020d4afe47e0 JavaThread "Cache worker for execution history cache (C:\Users\ws050\mini2\inspire-be\.gradle\9.3.1\executionHistory)" [_thread_blocked, id=23944, stack(0x0000007bd9b00000,0x0000007bd9c00000)]
  0x0000020d4afe5ff0 JavaThread "idea-tooling-model-converter" [_thread_blocked, id=21908, stack(0x0000007bdd500000,0x0000007bdd600000)]
  0x0000020d49813ad0 JavaThread "File lock release action executor" [_thread_blocked, id=2640, stack(0x0000007bdd700000,0x0000007bdd800000)]
  0x0000020d47ae3d20 JavaThread "C2 CompilerThread1" daemon [_thread_in_native, id=15676, stack(0x0000007bd4600000,0x0000007bd4700000)]
=>0x0000020d47ae2df0 JavaThread "C2 CompilerThread2" daemon [_thread_in_native, id=19812, stack(0x0000007bdd600000,0x0000007bdd700000)]

Other Threads:
  0x0000020d2a6764e0 VMThread "VM Thread" [stack: 0x0000007bd3900000,0x0000007bd3a00000] [id=25552]
  0x0000020d0fd566e0 WatcherThread [stack: 0x0000007bd4500000,0x0000007bd4600000] [id=3264]
  0x0000020d0fd825c0 GCTaskThread "GC Thread#0" [stack: 0x0000007bd3400000,0x0000007bd3500000] [id=24412]
  0x0000020d442845d0 GCTaskThread "GC Thread#1" [stack: 0x0000007bd4800000,0x0000007bd4900000] [id=9640]
  0x0000020d440e08c0 GCTaskThread "GC Thread#2" [stack: 0x0000007bd4900000,0x0000007bd4a00000] [id=9004]
  0x0000020d440e0360 GCTaskThread "GC Thread#3" [stack: 0x0000007bd4a00000,0x0000007bd4b00000] [id=20024]
  0x0000020d440e0610 GCTaskThread "GC Thread#4" [stack: 0x0000007bd4b00000,0x0000007bd4c00000] [id=23368]
  0x0000020d440e0e20 GCTaskThread "GC Thread#5" [stack: 0x0000007bd4c00000,0x0000007bd4d00000] [id=3856]
  0x0000020d440e00b0 GCTaskThread "GC Thread#6" [stack: 0x0000007bd5700000,0x0000007bd5800000] [id=1996]
  0x0000020d440dfe00 GCTaskThread "GC Thread#7" [stack: 0x0000007bd5800000,0x0000007bd5900000] [id=18528]
  0x0000020d0fd87570 ConcurrentGCThread "G1 Main Marker" [stack: 0x0000007bd3500000,0x0000007bd3600000] [id=6992]
  0x0000020d0fd89a10 ConcurrentGCThread "G1 Conc#0" [stack: 0x0000007bd3600000,0x0000007bd3700000] [id=17072]
  0x0000020d440df8a0 ConcurrentGCThread "G1 Conc#1" [stack: 0x0000007bd5c00000,0x0000007bd5d00000] [id=24660]
  0x0000020d0fe1d680 ConcurrentGCThread "G1 Refine#0" [stack: 0x0000007bd3700000,0x0000007bd3800000] [id=11340]
  0x0000020d2a9df520 ConcurrentGCThread "G1 Refine#1" [stack: 0x0000007bd4700000,0x0000007bd4800000] [id=25488]
  0x0000020d479e3780 ConcurrentGCThread "G1 Refine#2" [stack: 0x0000007bd9900000,0x0000007bd9a00000] [id=21004]
  0x0000020d479e4e80 ConcurrentGCThread "G1 Refine#3" [stack: 0x0000007bd9a00000,0x0000007bd9b00000] [id=22768]
  0x0000020d2a516180 ConcurrentGCThread "G1 Service" [stack: 0x0000007bd3800000,0x0000007bd3900000] [id=8536]

Threads with active compile tasks:
C2 CompilerThread0    39652 18993       4       org.gradle.tooling.internal.adapter.ProtocolToModelAdapter$InvocationHandlerImpl::invoke (176 bytes)
C2 CompilerThread1    39652 19023       4       org.gradle.tooling.internal.adapter.ProtocolToModelAdapter$SupportedPropertyInvoker::invoke (154 bytes)
C2 CompilerThread2    39652 19029       4       org.gradle.tooling.internal.adapter.ProtocolToModelAdapter$SafeMethodInvoker::invoke (118 bytes)

VM state: not at safepoint (normal execution)

VM Mutex/Monitor currently owned by a thread: None

Heap address: 0x00000000e0000000, size: 512 MB, Compressed Oops mode: 32-bit

CDS archive(s) mapped at: [0x0000020d2b000000-0x0000020d2bbd0000-0x0000020d2bbd0000), size 12386304, SharedBaseAddress: 0x0000020d2b000000, ArchiveRelocationMode: 1.
Compressed class space mapped at: 0x0000020d2c000000-0x0000020d40000000, reserved size: 335544320
Narrow klass base: 0x0000020d2b000000, Narrow klass shift: 0, Narrow klass range: 0x100000000

GC Precious Log:
 CPUs: 8 total, 8 available
 Memory: 16057M
 Large Page Support: Disabled
 NUMA Support: Disabled
 Compressed Oops: Enabled (32-bit)
 Heap Region Size: 1M
 Heap Min Capacity: 256M
 Heap Initial Capacity: 256M
 Heap Max Capacity: 512M
 Pre-touch: Disabled
 Parallel Workers: 8
 Concurrent Workers: 2
 Concurrent Refinement Workers: 8
 Periodic GC: Disabled

Heap:
 garbage-first heap   total 307200K, used 200277K [0x00000000e0000000, 0x0000000100000000)
  region size 1024K, 22 young (22528K), 6 survivors (6144K)
 Metaspace       used 99465K, committed 100608K, reserved 458752K
  class space    used 14004K, committed 14592K, reserved 327680K

Heap Regions: E=young(eden), S=young(survivor), O=old, HS=humongous(starts), HC=humongous(continues), CS=collection set, F=free, OA=open archive, CA=closed archive, TAMS=top-at-mark-start (previous, next)
|   0|0x00000000e0000000, 0x00000000e0100000, 0x00000000e0100000|100%|HS|  |TAMS 0x00000000e0100000, 0x00000000e0000000| Complete 
|   1|0x00000000e0100000, 0x00000000e0200000, 0x00000000e0200000|100%|HC|  |TAMS 0x00000000e0200000, 0x00000000e0100000| Complete 
|   2|0x00000000e0200000, 0x00000000e0300000, 0x00000000e0300000|100%|HC|  |TAMS 0x00000000e0300000, 0x00000000e0200000| Complete 
|   3|0x00000000e0300000, 0x00000000e0400000, 0x00000000e0400000|100%|HC|  |TAMS 0x00000000e0400000, 0x00000000e0300000| Complete 
|   4|0x00000000e0400000, 0x00000000e0500000, 0x00000000e0500000|100%| O|  |TAMS 0x00000000e0500000, 0x00000000e0400000| Untracked 
|   5|0x00000000e0500000, 0x00000000e0600000, 0x00000000e0600000|100%| O|  |TAMS 0x00000000e0600000, 0x00000000e0500000| Untracked 
|   6|0x00000000e0600000, 0x00000000e0700000, 0x00000000e0700000|100%| O|  |TAMS 0x00000000e0700000, 0x00000000e0600000| Untracked 
|   7|0x00000000e0700000, 0x00000000e0800000, 0x00000000e0800000|100%|HS|  |TAMS 0x00000000e0800000, 0x00000000e0700000| Complete 
|   8|0x00000000e0800000, 0x00000000e0900000, 0x00000000e0900000|100%|HS|  |TAMS 0x00000000e0900000, 0x00000000e0800000| Complete 
|   9|0x00000000e0900000, 0x00000000e0a00000, 0x00000000e0a00000|100%|HC|  |TAMS 0x00000000e0a00000, 0x00000000e0900000| Complete 
|  10|0x00000000e0a00000, 0x00000000e0b00000, 0x00000000e0b00000|100%| O|  |TAMS 0x00000000e0b00000, 0x00000000e0a00000| Untracked 
|  11|0x00000000e0b00000, 0x00000000e0c00000, 0x00000000e0c00000|100%| O|  |TAMS 0x00000000e0c00000, 0x00000000e0b00000| Untracked 
|  12|0x00000000e0c00000, 0x00000000e0d00000, 0x00000000e0d00000|100%| O|  |TAMS 0x00000000e0d00000, 0x00000000e0c00000| Untracked 
|  13|0x00000000e0d00000, 0x00000000e0e00000, 0x00000000e0e00000|100%| O|  |TAMS 0x00000000e0e00000, 0x00000000e0d00000| Untracked 
|  14|0x00000000e0e00000, 0x00000000e0f00000, 0x00000000e0f00000|100%| O|  |TAMS 0x00000000e0f00000, 0x00000000e0e00000| Untracked 
|  15|0x00000000e0f00000, 0x00000000e1000000, 0x00000000e1000000|100%|HS|  |TAMS 0x00000000e1000000, 0x00000000e0f00000| Complete 
|  16|0x00000000e1000000, 0x00000000e1100000, 0x00000000e1100000|100%|HC|  |TAMS 0x00000000e1100000, 0x00000000e1000000| Complete 
|  17|0x00000000e1100000, 0x00000000e1200000, 0x00000000e1200000|100%|HC|  |TAMS 0x00000000e1200000, 0x00000000e1100000| Complete 
|  18|0x00000000e1200000, 0x00000000e1300000, 0x00000000e1300000|100%|HC|  |TAMS 0x00000000e1300000, 0x00000000e1200000| Complete 
|  19|0x00000000e1300000, 0x00000000e1400000, 0x00000000e1400000|100%|HC|  |TAMS 0x00000000e1400000, 0x00000000e1300000| Complete 
|  20|0x00000000e1400000, 0x00000000e1500000, 0x00000000e1500000|100%|HC|  |TAMS 0x00000000e1500000, 0x00000000e1400000| Complete 
|  21|0x00000000e1500000, 0x00000000e1600000, 0x00000000e1600000|100%|HS|  |TAMS 0x00000000e1600000, 0x00000000e1500000| Complete 
|  22|0x00000000e1600000, 0x00000000e1700000, 0x00000000e1700000|100%|HS|  |TAMS 0x00000000e1700000, 0x00000000e1600000| Complete 
|  23|0x00000000e1700000, 0x00000000e1800000, 0x00000000e1800000|100%|HC|  |TAMS 0x00000000e1800000, 0x00000000e1700000| Complete 
|  24|0x00000000e1800000, 0x00000000e1900000, 0x00000000e1900000|100%|HC|  |TAMS 0x00000000e1900000, 0x00000000e1800000| Complete 
|  25|0x00000000e1900000, 0x00000000e1a00000, 0x00000000e1a00000|100%|HC|  |TAMS 0x00000000e1a00000, 0x00000000e1900000| Complete 
|  26|0x00000000e1a00000, 0x00000000e1b00000, 0x00000000e1b00000|100%|HC|  |TAMS 0x00000000e1b00000, 0x00000000e1a00000| Complete 
|  27|0x00000000e1b00000, 0x00000000e1c00000, 0x00000000e1c00000|100%|HC|  |TAMS 0x00000000e1c00000, 0x00000000e1b00000| Complete 
|  28|0x00000000e1c00000, 0x00000000e1d00000, 0x00000000e1d00000|100%|HS|  |TAMS 0x00000000e1d00000, 0x00000000e1c00000| Complete 
|  29|0x00000000e1d00000, 0x00000000e1e00000, 0x00000000e1e00000|100%|HC|  |TAMS 0x00000000e1e00000, 0x00000000e1d00000| Complete 
|  30|0x00000000e1e00000, 0x00000000e1f00000, 0x00000000e1f00000|100%|HS|  |TAMS 0x00000000e1f00000, 0x00000000e1e00000| Complete 
|  31|0x00000000e1f00000, 0x00000000e2000000, 0x00000000e2000000|100%| O|  |TAMS 0x00000000e2000000, 0x00000000e1f00000| Untracked 
|  32|0x00000000e2000000, 0x00000000e2100000, 0x00000000e2100000|100%| O|  |TAMS 0x00000000e2100000, 0x00000000e2000000| Untracked 
|  33|0x00000000e2100000, 0x00000000e2200000, 0x00000000e2200000|100%| O|  |TAMS 0x00000000e2200000, 0x00000000e2100000| Untracked 
|  34|0x00000000e2200000, 0x00000000e2300000, 0x00000000e2300000|100%| O|  |TAMS 0x00000000e2300000, 0x00000000e2200000| Untracked 
|  35|0x00000000e2300000, 0x00000000e2400000, 0x00000000e2400000|100%| O|  |TAMS 0x00000000e2400000, 0x00000000e2300000| Untracked 
|  36|0x00000000e2400000, 0x00000000e2500000, 0x00000000e2500000|100%| O|  |TAMS 0x00000000e2500000, 0x00000000e2400000| Untracked 
|  37|0x00000000e2500000, 0x00000000e2600000, 0x00000000e2600000|100%| O|  |TAMS 0x00000000e2600000, 0x00000000e2500000| Untracked 
|  38|0x00000000e2600000, 0x00000000e2700000, 0x00000000e2700000|100%| O|  |TAMS 0x00000000e2700000, 0x00000000e2600000| Untracked 
|  39|0x00000000e2700000, 0x00000000e2800000, 0x00000000e2800000|100%|HS|  |TAMS 0x00000000e2800000, 0x00000000e2700000| Complete 
|  40|0x00000000e2800000, 0x00000000e2900000, 0x00000000e2900000|100%|HC|  |TAMS 0x00000000e2900000, 0x00000000e2800000| Complete 
|  41|0x00000000e2900000, 0x00000000e2a00000, 0x00000000e2a00000|100%| O|  |TAMS 0x00000000e2a00000, 0x00000000e2900000| Untracked 
|  42|0x00000000e2a00000, 0x00000000e2b00000, 0x00000000e2b00000|100%| O|  |TAMS 0x00000000e2b00000, 0x00000000e2a00000| Untracked 
|  43|0x00000000e2b00000, 0x00000000e2c00000, 0x00000000e2c00000|100%| O|  |TAMS 0x00000000e2c00000, 0x00000000e2b00000| Untracked 
|  44|0x00000000e2c00000, 0x00000000e2d00000, 0x00000000e2d00000|100%|HS|  |TAMS 0x00000000e2d00000, 0x00000000e2c00000| Complete 
|  45|0x00000000e2d00000, 0x00000000e2e00000, 0x00000000e2e00000|100%|HC|  |TAMS 0x00000000e2e00000, 0x00000000e2d00000| Complete 
|  46|0x00000000e2e00000, 0x00000000e2f00000, 0x00000000e2f00000|100%|HS|  |TAMS 0x00000000e2f00000, 0x00000000e2e00000| Complete 
|  47|0x00000000e2f00000, 0x00000000e3000000, 0x00000000e3000000|100%|HC|  |TAMS 0x00000000e3000000, 0x00000000e2f00000| Complete 
|  48|0x00000000e3000000, 0x00000000e3100000, 0x00000000e3100000|100%| O|  |TAMS 0x00000000e3100000, 0x00000000e3000000| Untracked 
|  49|0x00000000e3100000, 0x00000000e3200000, 0x00000000e3200000|100%| O|  |TAMS 0x00000000e3200000, 0x00000000e3100000| Untracked 
|  50|0x00000000e3200000, 0x00000000e3300000, 0x00000000e3300000|100%| O|  |TAMS 0x00000000e3300000, 0x00000000e3200000| Untracked 
|  51|0x00000000e3300000, 0x00000000e3400000, 0x00000000e3400000|100%| O|  |TAMS 0x00000000e3400000, 0x00000000e3300000| Untracked 
|  52|0x00000000e3400000, 0x00000000e3500000, 0x00000000e3500000|100%| O|  |TAMS 0x00000000e3500000, 0x00000000e3400000| Untracked 
|  53|0x00000000e3500000, 0x00000000e3600000, 0x00000000e3600000|100%| O|  |TAMS 0x00000000e3600000, 0x00000000e3500000| Untracked 
|  54|0x00000000e3600000, 0x00000000e3700000, 0x00000000e3700000|100%| O|  |TAMS 0x00000000e3700000, 0x00000000e3600000| Untracked 
|  55|0x00000000e3700000, 0x00000000e3800000, 0x00000000e3800000|100%| O|  |TAMS 0x00000000e3800000, 0x00000000e3700000| Untracked 
|  56|0x00000000e3800000, 0x00000000e3900000, 0x00000000e3900000|100%| O|  |TAMS 0x00000000e3900000, 0x00000000e3800000| Untracked 
|  57|0x00000000e3900000, 0x00000000e3a00000, 0x00000000e3a00000|100%| O|  |TAMS 0x00000000e3a00000, 0x00000000e3900000| Untracked 
|  58|0x00000000e3a00000, 0x00000000e3b00000, 0x00000000e3b00000|100%| O|  |TAMS 0x00000000e3b00000, 0x00000000e3a00000| Untracked 
|  59|0x00000000e3b00000, 0x00000000e3c00000, 0x00000000e3c00000|100%| O|  |TAMS 0x00000000e3c00000, 0x00000000e3b00000| Untracked 
|  60|0x00000000e3c00000, 0x00000000e3d00000, 0x00000000e3d00000|100%| O|  |TAMS 0x00000000e3d00000, 0x00000000e3c00000| Untracked 
|  61|0x00000000e3d00000, 0x00000000e3e00000, 0x00000000e3e00000|100%| O|  |TAMS 0x00000000e3e00000, 0x00000000e3d00000| Untracked 
|  62|0x00000000e3e00000, 0x00000000e3f00000, 0x00000000e3f00000|100%| O|  |TAMS 0x00000000e3f00000, 0x00000000e3e00000| Untracked 
|  63|0x00000000e3f00000, 0x00000000e4000000, 0x00000000e4000000|100%| O|  |TAMS 0x00000000e4000000, 0x00000000e3f00000| Untracked 
|  64|0x00000000e4000000, 0x00000000e4100000, 0x00000000e4100000|100%| O|  |TAMS 0x00000000e4100000, 0x00000000e4000000| Untracked 
|  65|0x00000000e4100000, 0x00000000e4200000, 0x00000000e4200000|100%| O|  |TAMS 0x00000000e4100000, 0x00000000e4100000| Untracked 
|  66|0x00000000e4200000, 0x00000000e4300000, 0x00000000e4300000|100%| O|  |TAMS 0x00000000e4300000, 0x00000000e4200000| Untracked 
|  67|0x00000000e4300000, 0x00000000e4400000, 0x00000000e4400000|100%| O|  |TAMS 0x00000000e4400000, 0x00000000e4300000| Untracked 
|  68|0x00000000e4400000, 0x00000000e4500000, 0x00000000e4500000|100%|HS|  |TAMS 0x00000000e4500000, 0x00000000e4400000| Complete 
|  69|0x00000000e4500000, 0x00000000e4600000, 0x00000000e4600000|100%|HC|  |TAMS 0x00000000e4600000, 0x00000000e4500000| Complete 
|  70|0x00000000e4600000, 0x00000000e4700000, 0x00000000e4700000|100%| O|  |TAMS 0x00000000e4700000, 0x00000000e4600000| Untracked 
|  71|0x00000000e4700000, 0x00000000e4800000, 0x00000000e4800000|100%| O|  |TAMS 0x00000000e4800000, 0x00000000e4700000| Untracked 
|  72|0x00000000e4800000, 0x00000000e4900000, 0x00000000e4900000|100%| O|  |TAMS 0x00000000e4900000, 0x00000000e4800000| Untracked 
|  73|0x00000000e4900000, 0x00000000e4a00000, 0x00000000e4a00000|100%| O|  |TAMS 0x00000000e4a00000, 0x00000000e4900000| Untracked 
|  74|0x00000000e4a00000, 0x00000000e4b00000, 0x00000000e4b00000|100%| O|  |TAMS 0x00000000e4b00000, 0x00000000e4a00000| Untracked 
|  75|0x00000000e4b00000, 0x00000000e4c00000, 0x00000000e4c00000|100%| O|  |TAMS 0x00000000e4c00000, 0x00000000e4b00000| Untracked 
|  76|0x00000000e4c00000, 0x00000000e4d00000, 0x00000000e4d00000|100%| O|  |TAMS 0x00000000e4d00000, 0x00000000e4c00000| Untracked 
|  77|0x00000000e4d00000, 0x00000000e4e00000, 0x00000000e4e00000|100%| O|  |TAMS 0x00000000e4e00000, 0x00000000e4d00000| Untracked 
|  78|0x00000000e4e00000, 0x00000000e4f00000, 0x00000000e4f00000|100%| O|  |TAMS 0x00000000e4f00000, 0x00000000e4e00000| Untracked 
|  79|0x00000000e4f00000, 0x00000000e5000000, 0x00000000e5000000|100%| O|  |TAMS 0x00000000e5000000, 0x00000000e4f00000| Untracked 
|  80|0x00000000e5000000, 0x00000000e5100000, 0x00000000e5100000|100%| O|  |TAMS 0x00000000e5100000, 0x00000000e5000000| Untracked 
|  81|0x00000000e5100000, 0x00000000e5200000, 0x00000000e5200000|100%| O|  |TAMS 0x00000000e5200000, 0x00000000e5100000| Untracked 
|  82|0x00000000e5200000, 0x00000000e5300000, 0x00000000e5300000|100%| O|  |TAMS 0x00000000e5300000, 0x00000000e5200000| Untracked 
|  83|0x00000000e5300000, 0x00000000e5400000, 0x00000000e5400000|100%| O|  |TAMS 0x00000000e5400000, 0x00000000e5300000| Untracked 
|  84|0x00000000e5400000, 0x00000000e5500000, 0x00000000e5500000|100%| O|  |TAMS 0x00000000e5500000, 0x00000000e5400000| Untracked 
|  85|0x00000000e5500000, 0x00000000e5600000, 0x00000000e5600000|100%| O|  |TAMS 0x00000000e5600000, 0x00000000e5500000| Untracked 
|  86|0x00000000e5600000, 0x00000000e5700000, 0x00000000e5700000|100%| O|  |TAMS 0x00000000e5700000, 0x00000000e5600000| Untracked 
|  87|0x00000000e5700000, 0x00000000e5800000, 0x00000000e5800000|100%| O|  |TAMS 0x00000000e5800000, 0x00000000e5700000| Untracked 
|  88|0x00000000e5800000, 0x00000000e5900000, 0x00000000e5900000|100%| O|  |TAMS 0x00000000e5900000, 0x00000000e5800000| Untracked 
|  89|0x00000000e5900000, 0x00000000e5a00000, 0x00000000e5a00000|100%| O|  |TAMS 0x00000000e5a00000, 0x00000000e5900000| Untracked 
|  90|0x00000000e5a00000, 0x00000000e5b00000, 0x00000000e5b00000|100%| O|  |TAMS 0x00000000e5b00000, 0x00000000e5a00000| Untracked 
|  91|0x00000000e5b00000, 0x00000000e5c00000, 0x00000000e5c00000|100%| O|  |TAMS 0x00000000e5c00000, 0x00000000e5b00000| Untracked 
|  92|0x00000000e5c00000, 0x00000000e5d00000, 0x00000000e5d00000|100%| O|  |TAMS 0x00000000e5c00000, 0x00000000e5c00000| Untracked 
|  93|0x00000000e5d00000, 0x00000000e5e00000, 0x00000000e5e00000|100%| O|  |TAMS 0x00000000e5e00000, 0x00000000e5d00000| Untracked 
|  94|0x00000000e5e00000, 0x00000000e5f00000, 0x00000000e5f00000|100%| O|  |TAMS 0x00000000e5f00000, 0x00000000e5e00000| Untracked 
|  95|0x00000000e5f00000, 0x00000000e6000000, 0x00000000e6000000|100%| O|  |TAMS 0x00000000e6000000, 0x00000000e5f00000| Untracked 
|  96|0x00000000e6000000, 0x00000000e6100000, 0x00000000e6100000|100%| O|  |TAMS 0x00000000e6100000, 0x00000000e6000000| Untracked 
|  97|0x00000000e6100000, 0x00000000e6200000, 0x00000000e6200000|100%| O|  |TAMS 0x00000000e6200000, 0x00000000e6100000| Untracked 
|  98|0x00000000e6200000, 0x00000000e6300000, 0x00000000e6300000|100%| O|  |TAMS 0x00000000e6300000, 0x00000000e6200000| Untracked 
|  99|0x00000000e6300000, 0x00000000e6400000, 0x00000000e6400000|100%| O|  |TAMS 0x00000000e6400000, 0x00000000e6300000| Untracked 
| 100|0x00000000e6400000, 0x00000000e6500000, 0x00000000e6500000|100%| O|  |TAMS 0x00000000e6500000, 0x00000000e6400000| Untracked 
| 101|0x00000000e6500000, 0x00000000e6600000, 0x00000000e6600000|100%| O|  |TAMS 0x00000000e6600000, 0x00000000e6500000| Untracked 
| 102|0x00000000e6600000, 0x00000000e6700000, 0x00000000e6700000|100%| O|  |TAMS 0x00000000e6700000, 0x00000000e6600000| Untracked 
| 103|0x00000000e6700000, 0x00000000e6800000, 0x00000000e6800000|100%| O|  |TAMS 0x00000000e6800000, 0x00000000e6700000| Untracked 
| 104|0x00000000e6800000, 0x00000000e6900000, 0x00000000e6900000|100%| O|  |TAMS 0x00000000e6900000, 0x00000000e6800000| Untracked 
| 105|0x00000000e6900000, 0x00000000e6a00000, 0x00000000e6a00000|100%| O|  |TAMS 0x00000000e6a00000, 0x00000000e6900000| Untracked 
| 106|0x00000000e6a00000, 0x00000000e6b00000, 0x00000000e6b00000|100%| O|  |TAMS 0x00000000e6b00000, 0x00000000e6a00000| Untracked 
| 107|0x00000000e6b00000, 0x00000000e6c00000, 0x00000000e6c00000|100%| O|  |TAMS 0x00000000e6c00000, 0x00000000e6b00000| Untracked 
| 108|0x00000000e6c00000, 0x00000000e6d00000, 0x00000000e6d00000|100%| O|  |TAMS 0x00000000e6d00000, 0x00000000e6c00000| Untracked 
| 109|0x00000000e6d00000, 0x00000000e6e00000, 0x00000000e6e00000|100%| O|  |TAMS 0x00000000e6e00000, 0x00000000e6d00000| Untracked 
| 110|0x00000000e6e00000, 0x00000000e6f00000, 0x00000000e6f00000|100%| O|  |TAMS 0x00000000e6f00000, 0x00000000e6e00000| Untracked 
| 111|0x00000000e6f00000, 0x00000000e7000000, 0x00000000e7000000|100%| O|  |TAMS 0x00000000e7000000, 0x00000000e6f00000| Untracked 
| 112|0x00000000e7000000, 0x00000000e7100000, 0x00000000e7100000|100%| O|  |TAMS 0x00000000e7100000, 0x00000000e7000000| Untracked 
| 113|0x00000000e7100000, 0x00000000e7200000, 0x00000000e7200000|100%| O|  |TAMS 0x00000000e7200000, 0x00000000e7100000| Untracked 
| 114|0x00000000e7200000, 0x00000000e7300000, 0x00000000e7300000|100%| O|  |TAMS 0x00000000e7300000, 0x00000000e7200000| Untracked 
| 115|0x00000000e7300000, 0x00000000e7400000, 0x00000000e7400000|100%| O|  |TAMS 0x00000000e7400000, 0x00000000e7300000| Untracked 
| 116|0x00000000e7400000, 0x00000000e7500000, 0x00000000e7500000|100%| O|  |TAMS 0x00000000e7500000, 0x00000000e7400000| Untracked 
| 117|0x00000000e7500000, 0x00000000e7600000, 0x00000000e7600000|100%| O|  |TAMS 0x00000000e7600000, 0x00000000e7500000| Untracked 
| 118|0x00000000e7600000, 0x00000000e7700000, 0x00000000e7700000|100%| O|  |TAMS 0x00000000e7700000, 0x00000000e7600000| Untracked 
| 119|0x00000000e7700000, 0x00000000e7800000, 0x00000000e7800000|100%| O|  |TAMS 0x00000000e7800000, 0x00000000e7700000| Untracked 
| 120|0x00000000e7800000, 0x00000000e7900000, 0x00000000e7900000|100%| O|  |TAMS 0x00000000e7900000, 0x00000000e7800000| Untracked 
| 121|0x00000000e7900000, 0x00000000e7a00000, 0x00000000e7a00000|100%| O|  |TAMS 0x00000000e7a00000, 0x00000000e7900000| Untracked 
| 122|0x00000000e7a00000, 0x00000000e7b00000, 0x00000000e7b00000|100%| O|  |TAMS 0x00000000e7b00000, 0x00000000e7a00000| Untracked 
| 123|0x00000000e7b00000, 0x00000000e7c00000, 0x00000000e7c00000|100%| O|  |TAMS 0x00000000e7c00000, 0x00000000e7b00000| Untracked 
| 124|0x00000000e7c00000, 0x00000000e7d00000, 0x00000000e7d00000|100%| O|  |TAMS 0x00000000e7d00000, 0x00000000e7c00000| Untracked 
| 125|0x00000000e7d00000, 0x00000000e7e00000, 0x00000000e7e00000|100%| O|  |TAMS 0x00000000e7e00000, 0x00000000e7d00000| Untracked 
| 126|0x00000000e7e00000, 0x00000000e7f00000, 0x00000000e7f00000|100%| O|  |TAMS 0x00000000e7f00000, 0x00000000e7e00000| Untracked 
| 127|0x00000000e7f00000, 0x00000000e8000000, 0x00000000e8000000|100%| O|  |TAMS 0x00000000e8000000, 0x00000000e7f00000| Untracked 
| 128|0x00000000e8000000, 0x00000000e8100000, 0x00000000e8100000|100%| O|  |TAMS 0x00000000e8100000, 0x00000000e8000000| Untracked 
| 129|0x00000000e8100000, 0x00000000e8200000, 0x00000000e8200000|100%| O|  |TAMS 0x00000000e8200000, 0x00000000e8100000| Untracked 
| 130|0x00000000e8200000, 0x00000000e8300000, 0x00000000e8300000|100%| O|  |TAMS 0x00000000e8300000, 0x00000000e8200000| Untracked 
| 131|0x00000000e8300000, 0x00000000e8400000, 0x00000000e8400000|100%| O|  |TAMS 0x00000000e8300000, 0x00000000e8300000| Untracked 
| 132|0x00000000e8400000, 0x00000000e8500000, 0x00000000e8500000|100%| O|  |TAMS 0x00000000e8500000, 0x00000000e8400000| Untracked 
| 133|0x00000000e8500000, 0x00000000e8600000, 0x00000000e8600000|100%| O|  |TAMS 0x00000000e8500000, 0x00000000e8500000| Untracked 
| 134|0x00000000e8600000, 0x00000000e8700000, 0x00000000e8700000|100%| O|  |TAMS 0x00000000e8700000, 0x00000000e8600000| Untracked 
| 135|0x00000000e8700000, 0x00000000e8800000, 0x00000000e8800000|100%| O|  |TAMS 0x00000000e8800000, 0x00000000e8700000| Untracked 
| 136|0x00000000e8800000, 0x00000000e8900000, 0x00000000e8900000|100%| O|  |TAMS 0x00000000e8800000, 0x00000000e8800000| Untracked 
| 137|0x00000000e8900000, 0x00000000e8a00000, 0x00000000e8a00000|100%| O|  |TAMS 0x00000000e8a00000, 0x00000000e8900000| Untracked 
| 138|0x00000000e8a00000, 0x00000000e8b00000, 0x00000000e8b00000|100%| O|  |TAMS 0x00000000e8b00000, 0x00000000e8a00000| Untracked 
| 139|0x00000000e8b00000, 0x00000000e8c00000, 0x00000000e8c00000|100%| O|  |TAMS 0x00000000e8c00000, 0x00000000e8b00000| Untracked 
| 140|0x00000000e8c00000, 0x00000000e8d00000, 0x00000000e8d00000|100%| O|  |TAMS 0x00000000e8c00000, 0x00000000e8c00000| Untracked 
| 141|0x00000000e8d00000, 0x00000000e8e00000, 0x00000000e8e00000|100%| O|  |TAMS 0x00000000e8e00000, 0x00000000e8d00000| Untracked 
| 142|0x00000000e8e00000, 0x00000000e8f00000, 0x00000000e8f00000|100%| O|  |TAMS 0x00000000e8f00000, 0x00000000e8e00000| Untracked 
| 143|0x00000000e8f00000, 0x00000000e9000000, 0x00000000e9000000|100%| O|  |TAMS 0x00000000e9000000, 0x00000000e8f00000| Untracked 
| 144|0x00000000e9000000, 0x00000000e9100000, 0x00000000e9100000|100%| O|  |TAMS 0x00000000e9100000, 0x00000000e9000000| Untracked 
| 145|0x00000000e9100000, 0x00000000e9200000, 0x00000000e9200000|100%| O|  |TAMS 0x00000000e9200000, 0x00000000e9100000| Untracked 
| 146|0x00000000e9200000, 0x00000000e9300000, 0x00000000e9300000|100%| O|  |TAMS 0x00000000e9300000, 0x00000000e9200000| Untracked 
| 147|0x00000000e9300000, 0x00000000e9400000, 0x00000000e9400000|100%| O|  |TAMS 0x00000000e9400000, 0x00000000e9300000| Untracked 
| 148|0x00000000e9400000, 0x00000000e9500000, 0x00000000e9500000|100%| O|  |TAMS 0x00000000e9477200, 0x00000000e9400000| Untracked 
| 149|0x00000000e9500000, 0x00000000e9600000, 0x00000000e9600000|100%| O|  |TAMS 0x00000000e9500000, 0x00000000e9500000| Untracked 
| 150|0x00000000e9600000, 0x00000000e9700000, 0x00000000e9700000|100%| O|  |TAMS 0x00000000e9600000, 0x00000000e9600000| Untracked 
| 151|0x00000000e9700000, 0x00000000e9800000, 0x00000000e9800000|100%| O|  |TAMS 0x00000000e9700000, 0x00000000e9700000| Untracked 
| 152|0x00000000e9800000, 0x00000000e9900000, 0x00000000e9900000|100%| O|  |TAMS 0x00000000e9800000, 0x00000000e9800000| Untracked 
| 153|0x00000000e9900000, 0x00000000e9a00000, 0x00000000e9a00000|100%| O|  |TAMS 0x00000000e9900000, 0x00000000e9900000| Untracked 
| 154|0x00000000e9a00000, 0x00000000e9b00000, 0x00000000e9b00000|100%| O|  |TAMS 0x00000000e9a00000, 0x00000000e9a00000| Untracked 
| 155|0x00000000e9b00000, 0x00000000e9c00000, 0x00000000e9c00000|100%| O|  |TAMS 0x00000000e9b00000, 0x00000000e9b00000| Untracked 
| 156|0x00000000e9c00000, 0x00000000e9d00000, 0x00000000e9d00000|100%| O|  |TAMS 0x00000000e9c00000, 0x00000000e9c00000| Untracked 
| 157|0x00000000e9d00000, 0x00000000e9e00000, 0x00000000e9e00000|100%| O|  |TAMS 0x00000000e9d00000, 0x00000000e9d00000| Untracked 
| 158|0x00000000e9e00000, 0x00000000e9f00000, 0x00000000e9f00000|100%| O|  |TAMS 0x00000000e9e00000, 0x00000000e9e00000| Untracked 
| 159|0x00000000e9f00000, 0x00000000ea000000, 0x00000000ea000000|100%| O|  |TAMS 0x00000000e9f00000, 0x00000000e9f00000| Untracked 
| 160|0x00000000ea000000, 0x00000000ea100000, 0x00000000ea100000|100%| O|  |TAMS 0x00000000ea000000, 0x00000000ea000000| Untracked 
| 161|0x00000000ea100000, 0x00000000ea200000, 0x00000000ea200000|100%| O|  |TAMS 0x00000000ea100000, 0x00000000ea100000| Untracked 
| 162|0x00000000ea200000, 0x00000000ea300000, 0x00000000ea300000|100%| O|  |TAMS 0x00000000ea200000, 0x00000000ea200000| Untracked 
| 163|0x00000000ea300000, 0x00000000ea400000, 0x00000000ea400000|100%| O|  |TAMS 0x00000000ea300000, 0x00000000ea300000| Untracked 
| 164|0x00000000ea400000, 0x00000000ea500000, 0x00000000ea500000|100%| O|  |TAMS 0x00000000ea400000, 0x00000000ea400000| Untracked 
| 165|0x00000000ea500000, 0x00000000ea600000, 0x00000000ea600000|100%| O|  |TAMS 0x00000000ea500000, 0x00000000ea500000| Untracked 
| 166|0x00000000ea600000, 0x00000000ea700000, 0x00000000ea700000|100%| O|  |TAMS 0x00000000ea600000, 0x00000000ea600000| Untracked 
| 167|0x00000000ea700000, 0x00000000ea800000, 0x00000000ea800000|100%| O|  |TAMS 0x00000000ea700000, 0x00000000ea700000| Untracked 
| 168|0x00000000ea800000, 0x00000000ea900000, 0x00000000ea900000|100%| O|  |TAMS 0x00000000ea800000, 0x00000000ea800000| Untracked 
| 169|0x00000000ea900000, 0x00000000eaa00000, 0x00000000eaa00000|100%| O|  |TAMS 0x00000000ea900000, 0x00000000ea900000| Untracked 
| 170|0x00000000eaa00000, 0x00000000eab00000, 0x00000000eab00000|100%| O|  |TAMS 0x00000000eaa00000, 0x00000000eaa00000| Untracked 
| 171|0x00000000eab00000, 0x00000000eac00000, 0x00000000eac00000|100%| O|  |TAMS 0x00000000eab00000, 0x00000000eab00000| Untracked 
| 172|0x00000000eac00000, 0x00000000ead00000, 0x00000000ead00000|100%| O|  |TAMS 0x00000000eac00000, 0x00000000eac00000| Untracked 
| 173|0x00000000ead00000, 0x00000000eae00000, 0x00000000eae00000|100%| O|  |TAMS 0x00000000ead00000, 0x00000000ead00000| Untracked 
| 174|0x00000000eae00000, 0x00000000eaedcc00, 0x00000000eaf00000| 86%| O|  |TAMS 0x00000000eae00000, 0x00000000eae00000| Untracked 
| 175|0x00000000eaf00000, 0x00000000eaf00000, 0x00000000eb000000|  0%| F|  |TAMS 0x00000000eaf00000, 0x00000000eaf00000| Untracked 
| 176|0x00000000eb000000, 0x00000000eb000000, 0x00000000eb100000|  0%| F|  |TAMS 0x00000000eb000000, 0x00000000eb000000| Untracked 
| 177|0x00000000eb100000, 0x00000000eb100000, 0x00000000eb200000|  0%| F|  |TAMS 0x00000000eb100000, 0x00000000eb100000| Untracked 
| 178|0x00000000eb200000, 0x00000000eb200000, 0x00000000eb300000|  0%| F|  |TAMS 0x00000000eb200000, 0x00000000eb200000| Untracked 
| 179|0x00000000eb300000, 0x00000000eb300000, 0x00000000eb400000|  0%| F|  |TAMS 0x00000000eb300000, 0x00000000eb300000| Untracked 
| 180|0x00000000eb400000, 0x00000000eb400000, 0x00000000eb500000|  0%| F|  |TAMS 0x00000000eb400000, 0x00000000eb400000| Untracked 
| 181|0x00000000eb500000, 0x00000000eb500000, 0x00000000eb600000|  0%| F|  |TAMS 0x00000000eb500000, 0x00000000eb500000| Untracked 
| 182|0x00000000eb600000, 0x00000000eb600000, 0x00000000eb700000|  0%| F|  |TAMS 0x00000000eb600000, 0x00000000eb600000| Untracked 
| 183|0x00000000eb700000, 0x00000000eb700000, 0x00000000eb800000|  0%| F|  |TAMS 0x00000000eb700000, 0x00000000eb700000| Untracked 
| 184|0x00000000eb800000, 0x00000000eb800000, 0x00000000eb900000|  0%| F|  |TAMS 0x00000000eb800000, 0x00000000eb800000| Untracked 
| 185|0x00000000eb900000, 0x00000000eb900000, 0x00000000eba00000|  0%| F|  |TAMS 0x00000000eb900000, 0x00000000eb900000| Untracked 
| 186|0x00000000eba00000, 0x00000000eba00000, 0x00000000ebb00000|  0%| F|  |TAMS 0x00000000eba00000, 0x00000000eba00000| Untracked 
| 187|0x00000000ebb00000, 0x00000000ebb00000, 0x00000000ebc00000|  0%| F|  |TAMS 0x00000000ebb00000, 0x00000000ebb00000| Untracked 
| 188|0x00000000ebc00000, 0x00000000ebc00000, 0x00000000ebd00000|  0%| F|  |TAMS 0x00000000ebc00000, 0x00000000ebc00000| Untracked 
| 189|0x00000000ebd00000, 0x00000000ebd00000, 0x00000000ebe00000|  0%| F|  |TAMS 0x00000000ebd00000, 0x00000000ebd00000| Untracked 
| 190|0x00000000ebe00000, 0x00000000ebe00000, 0x00000000ebf00000|  0%| F|  |TAMS 0x00000000ebe00000, 0x00000000ebe00000| Untracked 
| 191|0x00000000ebf00000, 0x00000000ebf00000, 0x00000000ec000000|  0%| F|  |TAMS 0x00000000ebf00000, 0x00000000ebf00000| Untracked 
| 192|0x00000000ec000000, 0x00000000ec000000, 0x00000000ec100000|  0%| F|  |TAMS 0x00000000ec000000, 0x00000000ec000000| Untracked 
| 193|0x00000000ec100000, 0x00000000ec100000, 0x00000000ec200000|  0%| F|  |TAMS 0x00000000ec100000, 0x00000000ec100000| Untracked 
| 194|0x00000000ec200000, 0x00000000ec200000, 0x00000000ec300000|  0%| F|  |TAMS 0x00000000ec200000, 0x00000000ec200000| Untracked 
| 195|0x00000000ec300000, 0x00000000ec300000, 0x00000000ec400000|  0%| F|  |TAMS 0x00000000ec300000, 0x00000000ec300000| Untracked 
| 196|0x00000000ec400000, 0x00000000ec400000, 0x00000000ec500000|  0%| F|  |TAMS 0x00000000ec400000, 0x00000000ec400000| Untracked 
| 197|0x00000000ec500000, 0x00000000ec500000, 0x00000000ec600000|  0%| F|  |TAMS 0x00000000ec500000, 0x00000000ec500000| Untracked 
| 198|0x00000000ec600000, 0x00000000ec600000, 0x00000000ec700000|  0%| F|  |TAMS 0x00000000ec600000, 0x00000000ec600000| Untracked 
| 199|0x00000000ec700000, 0x00000000ec700000, 0x00000000ec800000|  0%| F|  |TAMS 0x00000000ec700000, 0x00000000ec700000| Untracked 
| 200|0x00000000ec800000, 0x00000000ec800000, 0x00000000ec900000|  0%| F|  |TAMS 0x00000000ec800000, 0x00000000ec800000| Untracked 
| 201|0x00000000ec900000, 0x00000000ec900000, 0x00000000eca00000|  0%| F|  |TAMS 0x00000000ec900000, 0x00000000ec900000| Untracked 
| 202|0x00000000eca00000, 0x00000000eca00000, 0x00000000ecb00000|  0%| F|  |TAMS 0x00000000eca00000, 0x00000000eca00000| Untracked 
| 203|0x00000000ecb00000, 0x00000000ecb00000, 0x00000000ecc00000|  0%| F|  |TAMS 0x00000000ecb00000, 0x00000000ecb00000| Untracked 
| 204|0x00000000ecc00000, 0x00000000ecc00000, 0x00000000ecd00000|  0%| F|  |TAMS 0x00000000ecc00000, 0x00000000ecc00000| Untracked 
| 205|0x00000000ecd00000, 0x00000000ecd00000, 0x00000000ece00000|  0%| F|  |TAMS 0x00000000ecd00000, 0x00000000ecd00000| Untracked 
| 206|0x00000000ece00000, 0x00000000ece00000, 0x00000000ecf00000|  0%| F|  |TAMS 0x00000000ece00000, 0x00000000ece00000| Untracked 
| 207|0x00000000ecf00000, 0x00000000ecf00000, 0x00000000ed000000|  0%| F|  |TAMS 0x00000000ecf00000, 0x00000000ecf00000| Untracked 
| 208|0x00000000ed000000, 0x00000000ed000000, 0x00000000ed100000|  0%| F|  |TAMS 0x00000000ed000000, 0x00000000ed000000| Untracked 
| 209|0x00000000ed100000, 0x00000000ed100000, 0x00000000ed200000|  0%| F|  |TAMS 0x00000000ed100000, 0x00000000ed100000| Untracked 
| 210|0x00000000ed200000, 0x00000000ed200000, 0x00000000ed300000|  0%| F|  |TAMS 0x00000000ed200000, 0x00000000ed200000| Untracked 
| 211|0x00000000ed300000, 0x00000000ed300000, 0x00000000ed400000|  0%| F|  |TAMS 0x00000000ed300000, 0x00000000ed300000| Untracked 
| 212|0x00000000ed400000, 0x00000000ed400000, 0x00000000ed500000|  0%| F|  |TAMS 0x00000000ed400000, 0x00000000ed400000| Untracked 
| 213|0x00000000ed500000, 0x00000000ed500000, 0x00000000ed600000|  0%| F|  |TAMS 0x00000000ed500000, 0x00000000ed500000| Untracked 
| 214|0x00000000ed600000, 0x00000000ed600000, 0x00000000ed700000|  0%| F|  |TAMS 0x00000000ed600000, 0x00000000ed600000| Untracked 
| 215|0x00000000ed700000, 0x00000000ed700000, 0x00000000ed800000|  0%| F|  |TAMS 0x00000000ed700000, 0x00000000ed700000| Untracked 
| 216|0x00000000ed800000, 0x00000000ed800000, 0x00000000ed900000|  0%| F|  |TAMS 0x00000000ed800000, 0x00000000ed800000| Untracked 
| 217|0x00000000ed900000, 0x00000000ed900000, 0x00000000eda00000|  0%| F|  |TAMS 0x00000000ed900000, 0x00000000ed900000| Untracked 
| 218|0x00000000eda00000, 0x00000000eda00000, 0x00000000edb00000|  0%| F|  |TAMS 0x00000000eda00000, 0x00000000eda00000| Untracked 
| 219|0x00000000edb00000, 0x00000000edbb8bf0, 0x00000000edc00000| 72%| S|CS|TAMS 0x00000000edb00000, 0x00000000edb00000| Complete 
| 220|0x00000000edc00000, 0x00000000edd00000, 0x00000000edd00000|100%| S|CS|TAMS 0x00000000edc00000, 0x00000000edc00000| Complete 
| 221|0x00000000edd00000, 0x00000000ede00000, 0x00000000ede00000|100%| S|CS|TAMS 0x00000000edd00000, 0x00000000edd00000| Complete 
| 222|0x00000000ede00000, 0x00000000edf00000, 0x00000000edf00000|100%| S|CS|TAMS 0x00000000ede00000, 0x00000000ede00000| Complete 
| 223|0x00000000edf00000, 0x00000000ee000000, 0x00000000ee000000|100%| S|CS|TAMS 0x00000000edf00000, 0x00000000edf00000| Complete 
| 224|0x00000000ee000000, 0x00000000ee100000, 0x00000000ee100000|100%| S|CS|TAMS 0x00000000ee000000, 0x00000000ee000000| Complete 
| 225|0x00000000ee100000, 0x00000000ee100000, 0x00000000ee200000|  0%| F|  |TAMS 0x00000000ee100000, 0x00000000ee100000| Untracked 
| 226|0x00000000ee200000, 0x00000000ee200000, 0x00000000ee300000|  0%| F|  |TAMS 0x00000000ee200000, 0x00000000ee200000| Untracked 
| 227|0x00000000ee300000, 0x00000000ee300000, 0x00000000ee400000|  0%| F|  |TAMS 0x00000000ee300000, 0x00000000ee300000| Untracked 
| 228|0x00000000ee400000, 0x00000000ee400000, 0x00000000ee500000|  0%| F|  |TAMS 0x00000000ee400000, 0x00000000ee400000| Untracked 
| 229|0x00000000ee500000, 0x00000000ee500000, 0x00000000ee600000|  0%| F|  |TAMS 0x00000000ee500000, 0x00000000ee500000| Untracked 
| 230|0x00000000ee600000, 0x00000000ee600000, 0x00000000ee700000|  0%| F|  |TAMS 0x00000000ee600000, 0x00000000ee600000| Untracked 
| 231|0x00000000ee700000, 0x00000000ee700000, 0x00000000ee800000|  0%| F|  |TAMS 0x00000000ee700000, 0x00000000ee700000| Untracked 
| 232|0x00000000ee800000, 0x00000000ee800000, 0x00000000ee900000|  0%| F|  |TAMS 0x00000000ee800000, 0x00000000ee800000| Untracked 
| 233|0x00000000ee900000, 0x00000000ee900000, 0x00000000eea00000|  0%| F|  |TAMS 0x00000000ee900000, 0x00000000ee900000| Untracked 
| 234|0x00000000eea00000, 0x00000000eea00000, 0x00000000eeb00000|  0%| F|  |TAMS 0x00000000eea00000, 0x00000000eea00000| Untracked 
| 235|0x00000000eeb00000, 0x00000000eeb00000, 0x00000000eec00000|  0%| F|  |TAMS 0x00000000eeb00000, 0x00000000eeb00000| Untracked 
| 236|0x00000000eec00000, 0x00000000eec00000, 0x00000000eed00000|  0%| F|  |TAMS 0x00000000eec00000, 0x00000000eec00000| Untracked 
| 237|0x00000000eed00000, 0x00000000eed00000, 0x00000000eee00000|  0%| F|  |TAMS 0x00000000eed00000, 0x00000000eed00000| Untracked 
| 238|0x00000000eee00000, 0x00000000eee00000, 0x00000000eef00000|  0%| F|  |TAMS 0x00000000eee00000, 0x00000000eee00000| Untracked 
| 239|0x00000000eef00000, 0x00000000eef00000, 0x00000000ef000000|  0%| F|  |TAMS 0x00000000eef00000, 0x00000000eef00000| Untracked 
| 240|0x00000000ef000000, 0x00000000ef000000, 0x00000000ef100000|  0%| F|  |TAMS 0x00000000ef000000, 0x00000000ef000000| Untracked 
| 241|0x00000000ef100000, 0x00000000ef100000, 0x00000000ef200000|  0%| F|  |TAMS 0x00000000ef100000, 0x00000000ef100000| Untracked 
| 242|0x00000000ef200000, 0x00000000ef200000, 0x00000000ef300000|  0%| F|  |TAMS 0x00000000ef200000, 0x00000000ef200000| Untracked 
| 243|0x00000000ef300000, 0x00000000ef300000, 0x00000000ef400000|  0%| F|  |TAMS 0x00000000ef300000, 0x00000000ef300000| Untracked 
| 244|0x00000000ef400000, 0x00000000ef400000, 0x00000000ef500000|  0%| F|  |TAMS 0x00000000ef400000, 0x00000000ef400000| Untracked 
| 245|0x00000000ef500000, 0x00000000ef500000, 0x00000000ef600000|  0%| F|  |TAMS 0x00000000ef500000, 0x00000000ef500000| Untracked 
| 246|0x00000000ef600000, 0x00000000ef600000, 0x00000000ef700000|  0%| F|  |TAMS 0x00000000ef600000, 0x00000000ef600000| Untracked 
| 247|0x00000000ef700000, 0x00000000ef700000, 0x00000000ef800000|  0%| F|  |TAMS 0x00000000ef700000, 0x00000000ef700000| Untracked 
| 248|0x00000000ef800000, 0x00000000ef800000, 0x00000000ef900000|  0%| F|  |TAMS 0x00000000ef800000, 0x00000000ef800000| Untracked 
| 249|0x00000000ef900000, 0x00000000ef900000, 0x00000000efa00000|  0%| F|  |TAMS 0x00000000ef900000, 0x00000000ef900000| Untracked 
| 250|0x00000000efa00000, 0x00000000efa00000, 0x00000000efb00000|  0%| F|  |TAMS 0x00000000efa00000, 0x00000000efa00000| Untracked 
| 251|0x00000000efb00000, 0x00000000efb00000, 0x00000000efc00000|  0%| F|  |TAMS 0x00000000efb00000, 0x00000000efb00000| Untracked 
| 252|0x00000000efc00000, 0x00000000efc00000, 0x00000000efd00000|  0%| F|  |TAMS 0x00000000efc00000, 0x00000000efc00000| Untracked 
| 253|0x00000000efd00000, 0x00000000efd00000, 0x00000000efe00000|  0%| F|  |TAMS 0x00000000efd00000, 0x00000000efd00000| Untracked 
| 254|0x00000000efe00000, 0x00000000efe00000, 0x00000000eff00000|  0%| F|  |TAMS 0x00000000efe00000, 0x00000000efe00000| Untracked 
| 255|0x00000000eff00000, 0x00000000eff00000, 0x00000000f0000000|  0%| F|  |TAMS 0x00000000eff00000, 0x00000000eff00000| Untracked 
| 256|0x00000000f0000000, 0x00000000f0000000, 0x00000000f0100000|  0%| F|  |TAMS 0x00000000f0000000, 0x00000000f0000000| Untracked 
| 257|0x00000000f0100000, 0x00000000f0100000, 0x00000000f0200000|  0%| F|  |TAMS 0x00000000f0100000, 0x00000000f0100000| Untracked 
| 258|0x00000000f0200000, 0x00000000f0200000, 0x00000000f0300000|  0%| F|  |TAMS 0x00000000f0200000, 0x00000000f0200000| Untracked 
| 259|0x00000000f0300000, 0x00000000f0300000, 0x00000000f0400000|  0%| F|  |TAMS 0x00000000f0300000, 0x00000000f0300000| Untracked 
| 260|0x00000000f0400000, 0x00000000f0400000, 0x00000000f0500000|  0%| F|  |TAMS 0x00000000f0400000, 0x00000000f0400000| Untracked 
| 261|0x00000000f0500000, 0x00000000f0500000, 0x00000000f0600000|  0%| F|  |TAMS 0x00000000f0500000, 0x00000000f0500000| Untracked 
| 262|0x00000000f0600000, 0x00000000f0600000, 0x00000000f0700000|  0%| F|  |TAMS 0x00000000f0600000, 0x00000000f0600000| Untracked 
| 263|0x00000000f0700000, 0x00000000f0700000, 0x00000000f0800000|  0%| F|  |TAMS 0x00000000f0700000, 0x00000000f0700000| Untracked 
| 264|0x00000000f0800000, 0x00000000f0800000, 0x00000000f0900000|  0%| F|  |TAMS 0x00000000f0800000, 0x00000000f0800000| Untracked 
| 265|0x00000000f0900000, 0x00000000f0900000, 0x00000000f0a00000|  0%| F|  |TAMS 0x00000000f0900000, 0x00000000f0900000| Untracked 
| 266|0x00000000f0a00000, 0x00000000f0a00000, 0x00000000f0b00000|  0%| F|  |TAMS 0x00000000f0a00000, 0x00000000f0a00000| Untracked 
| 267|0x00000000f0b00000, 0x00000000f0b00000, 0x00000000f0c00000|  0%| F|  |TAMS 0x00000000f0b00000, 0x00000000f0b00000| Untracked 
| 268|0x00000000f0c00000, 0x00000000f0c00000, 0x00000000f0d00000|  0%| F|  |TAMS 0x00000000f0c00000, 0x00000000f0c00000| Untracked 
| 269|0x00000000f0d00000, 0x00000000f0d00000, 0x00000000f0e00000|  0%| F|  |TAMS 0x00000000f0d00000, 0x00000000f0d00000| Untracked 
| 270|0x00000000f0e00000, 0x00000000f0e00000, 0x00000000f0f00000|  0%| F|  |TAMS 0x00000000f0e00000, 0x00000000f0e00000| Untracked 
| 271|0x00000000f0f00000, 0x00000000f0f00000, 0x00000000f1000000|  0%| F|  |TAMS 0x00000000f0f00000, 0x00000000f0f00000| Untracked 
| 272|0x00000000f1000000, 0x00000000f1000000, 0x00000000f1100000|  0%| F|  |TAMS 0x00000000f1000000, 0x00000000f1000000| Untracked 
| 273|0x00000000f1100000, 0x00000000f1100000, 0x00000000f1200000|  0%| F|  |TAMS 0x00000000f1100000, 0x00000000f1100000| Untracked 
| 274|0x00000000f1200000, 0x00000000f1200000, 0x00000000f1300000|  0%| F|  |TAMS 0x00000000f1200000, 0x00000000f1200000| Untracked 
| 275|0x00000000f1300000, 0x00000000f1300000, 0x00000000f1400000|  0%| F|  |TAMS 0x00000000f1300000, 0x00000000f1300000| Untracked 
| 276|0x00000000f1400000, 0x00000000f1400000, 0x00000000f1500000|  0%| F|  |TAMS 0x00000000f1400000, 0x00000000f1400000| Untracked 
| 277|0x00000000f1500000, 0x00000000f1500000, 0x00000000f1600000|  0%| F|  |TAMS 0x00000000f1500000, 0x00000000f1500000| Untracked 
| 278|0x00000000f1600000, 0x00000000f1600000, 0x00000000f1700000|  0%| F|  |TAMS 0x00000000f1600000, 0x00000000f1600000| Untracked 
| 279|0x00000000f1700000, 0x00000000f1700000, 0x00000000f1800000|  0%| F|  |TAMS 0x00000000f1700000, 0x00000000f1700000| Untracked 
| 280|0x00000000f1800000, 0x00000000f1800000, 0x00000000f1900000|  0%| F|  |TAMS 0x00000000f1800000, 0x00000000f1800000| Untracked 
| 281|0x00000000f1900000, 0x00000000f1900000, 0x00000000f1a00000|  0%| F|  |TAMS 0x00000000f1900000, 0x00000000f1900000| Untracked 
| 282|0x00000000f1a00000, 0x00000000f1a00000, 0x00000000f1b00000|  0%| F|  |TAMS 0x00000000f1a00000, 0x00000000f1a00000| Untracked 
| 283|0x00000000f1b00000, 0x00000000f1b00000, 0x00000000f1c00000|  0%| F|  |TAMS 0x00000000f1b00000, 0x00000000f1b00000| Untracked 
| 284|0x00000000f1c00000, 0x00000000f1c8dbe8, 0x00000000f1d00000| 55%| E|  |TAMS 0x00000000f1c00000, 0x00000000f1c00000| Complete 
| 285|0x00000000f1d00000, 0x00000000f1e00000, 0x00000000f1e00000|100%| E|CS|TAMS 0x00000000f1d00000, 0x00000000f1d00000| Complete 
| 286|0x00000000f1e00000, 0x00000000f1f00000, 0x00000000f1f00000|100%| E|CS|TAMS 0x00000000f1e00000, 0x00000000f1e00000| Complete 
| 287|0x00000000f1f00000, 0x00000000f2000000, 0x00000000f2000000|100%| E|CS|TAMS 0x00000000f1f00000, 0x00000000f1f00000| Complete 
| 288|0x00000000f2000000, 0x00000000f2100000, 0x00000000f2100000|100%| E|CS|TAMS 0x00000000f2000000, 0x00000000f2000000| Complete 
| 289|0x00000000f2100000, 0x00000000f2200000, 0x00000000f2200000|100%| E|CS|TAMS 0x00000000f2100000, 0x00000000f2100000| Complete 
| 290|0x00000000f2200000, 0x00000000f2300000, 0x00000000f2300000|100%| E|CS|TAMS 0x00000000f2200000, 0x00000000f2200000| Complete 
| 291|0x00000000f2300000, 0x00000000f2400000, 0x00000000f2400000|100%| E|CS|TAMS 0x00000000f2300000, 0x00000000f2300000| Complete 
| 292|0x00000000f2400000, 0x00000000f2500000, 0x00000000f2500000|100%| E|CS|TAMS 0x00000000f2400000, 0x00000000f2400000| Complete 
| 293|0x00000000f2500000, 0x00000000f2600000, 0x00000000f2600000|100%| E|CS|TAMS 0x00000000f2500000, 0x00000000f2500000| Complete 
| 294|0x00000000f2600000, 0x00000000f2700000, 0x00000000f2700000|100%| E|CS|TAMS 0x00000000f2600000, 0x00000000f2600000| Complete 
| 295|0x00000000f2700000, 0x00000000f2800000, 0x00000000f2800000|100%| E|CS|TAMS 0x00000000f2700000, 0x00000000f2700000| Complete 
| 296|0x00000000f2800000, 0x00000000f2900000, 0x00000000f2900000|100%| E|CS|TAMS 0x00000000f2800000, 0x00000000f2800000| Complete 
| 297|0x00000000f2900000, 0x00000000f2a00000, 0x00000000f2a00000|100%| E|CS|TAMS 0x00000000f2900000, 0x00000000f2900000| Complete 
| 298|0x00000000f2a00000, 0x00000000f2b00000, 0x00000000f2b00000|100%| E|CS|TAMS 0x00000000f2a00000, 0x00000000f2a00000| Complete 
| 299|0x00000000f2b00000, 0x00000000f2c00000, 0x00000000f2c00000|100%| E|CS|TAMS 0x00000000f2b00000, 0x00000000f2b00000| Complete 

Card table byte_map: [0x0000020d26a20000,0x0000020d26b20000] _byte_map_base: 0x0000020d26320000

Marking Bits (Prev, Next): (CMBitMap*) 0x0000020d0fd82b20, (CMBitMap*) 0x0000020d0fd82ae0
 Prev Bits: [0x0000020d27420000, 0x0000020d27c20000)
 Next Bits: [0x0000020d26c20000, 0x0000020d27420000)

Polling page: 0x0000020d0dc80000

Metaspace:

Usage:
  Non-class:     83.46 MB used.
      Class:     13.68 MB used.
       Both:     97.13 MB used.

Virtual space:
  Non-class space:      128.00 MB reserved,      84.00 MB ( 66%) committed,  2 nodes.
      Class space:      320.00 MB reserved,      14.25 MB (  4%) committed,  1 nodes.
             Both:      448.00 MB reserved,      98.25 MB ( 22%) committed. 

Chunk freelists:
   Non-Class:  11.69 MB
       Class:  1.69 MB
        Both:  13.38 MB

MaxMetaspaceSize: 384.00 MB
CompressedClassSpaceSize: 320.00 MB
Initial GC threshold: 21.00 MB
Current GC threshold: 152.12 MB
CDS: on
MetaspaceReclaimPolicy: balanced
 - commit_granule_bytes: 65536.
 - commit_granule_words: 8192.
 - virtual_space_node_default_size: 8388608.
 - enlarge_chunks_in_place: 1.
 - new_chunks_are_fully_committed: 0.
 - uncommit_free_chunks: 1.
 - use_allocation_guard: 0.
 - handle_deallocations: 1.


Internal statistics:

num_allocs_failed_limit: 9.
num_arena_births: 1946.
num_arena_deaths: 2.
num_vsnodes_births: 3.
num_vsnodes_deaths: 0.
num_space_committed: 1572.
num_space_uncommitted: 0.
num_chunks_returned_to_freelist: 12.
num_chunks_taken_from_freelist: 6663.
num_chunk_merges: 9.
num_chunk_splits: 4064.
num_chunks_enlarged: 2298.
num_purges: 2.
num_inconsistent_stats: 0.

CodeHeap 'non-profiled nmethods': size=120000Kb used=12862Kb max_used=12862Kb free=107137Kb
 bounds [0x0000020d1f0c0000, 0x0000020d1fd50000, 0x0000020d265f0000]
CodeHeap 'profiled nmethods': size=120000Kb used=30587Kb max_used=30587Kb free=89412Kb
 bounds [0x0000020d175f0000, 0x0000020d193d0000, 0x0000020d1eb20000]
CodeHeap 'non-nmethods': size=5760Kb used=1777Kb max_used=1841Kb free=3982Kb
 bounds [0x0000020d1eb20000, 0x0000020d1ed90000, 0x0000020d1f0c0000]
 total_blobs=16931 nmethods=16072 adapters=770
 compilation: enabled
              stopped_count=0, restarted_count=0
 full_count=0

Compilation events (20 events):
Event: 38.730 Thread 0x0000020d2a6b32a0 19211       2       java.math.BigInteger::add (123 bytes)
Event: 38.731 Thread 0x0000020d2a6b32a0 nmethod 19211 0x0000020d193c9e90 code [0x0000020d193ca0a0, 0x0000020d193ca4a8]
Event: 38.732 Thread 0x0000020d2a6b32a0 19212       2       java.math.BigInteger::toByteArray (78 bytes)
Event: 38.733 Thread 0x0000020d2a6b32a0 nmethod 19212 0x0000020d193ca690 code [0x0000020d193ca840, 0x0000020d193cab58]
Event: 38.746 Thread 0x0000020d2a6b32a0 19213       2       sun.security.ssl.HKDF::<init> (58 bytes)
Event: 38.746 Thread 0x0000020d2a6b32a0 nmethod 19213 0x0000020d193cad10 code [0x0000020d193caf40, 0x0000020d193cb378]
Event: 38.750 Thread 0x0000020d47ae2df0 nmethod 18683 0x0000020d1fd40c90 code [0x0000020d1fd413e0, 0x0000020d1fd4abd0]
Event: 38.751 Thread 0x0000020d47ae2df0 19029       4       org.gradle.tooling.internal.adapter.ProtocolToModelAdapter$SafeMethodInvoker::invoke (118 bytes)
Event: 38.769 Thread 0x0000020d2a6b32a0 19214       2       sun.security.ssl.Authenticator$TLS13Authenticator::acquireAuthenticationBytes (44 bytes)
Event: 38.769 Thread 0x0000020d2a6b32a0 nmethod 19214 0x0000020d193cb690 code [0x0000020d193cb840, 0x0000020d193cba38]
Event: 38.769 Thread 0x0000020d2a6b32a0 19215       1       sun.security.ssl.SSLContextImpl::getSecureRandom (5 bytes)
Event: 38.769 Thread 0x0000020d2a6b32a0 nmethod 19215 0x0000020d1fd4f890 code [0x0000020d1fd4fa20, 0x0000020d1fd4faf8]
Event: 38.774 Thread 0x0000020d2a6b32a0 19216       2       com.google.common.collect.RegularImmutableMap$KeySet::contains (9 bytes)
Event: 38.775 Thread 0x0000020d2a6b32a0 nmethod 19216 0x0000020d193cbb90 code [0x0000020d193cbd20, 0x0000020d193cbe68]
Event: 38.775 Thread 0x0000020d2a6b32a0 19217       2       org.gradle.api.internal.attributes.matching.MultipleCandidateMatcher::getCandidateValue (12 bytes)
Event: 38.775 Thread 0x0000020d2a6b32a0 nmethod 19217 0x0000020d193cbf90 code [0x0000020d193cc140, 0x0000020d193cc2a8]
Event: 38.775 Thread 0x0000020d2a6b32a0 19219       2       org.gradle.internal.component.model.GraphVariantSelector::noMatchingCapability (42 bytes)
Event: 38.775 Thread 0x0000020d2a6b32a0 nmethod 19219 0x0000020d193cc410 code [0x0000020d193cc600, 0x0000020d193cc8e8]
Event: 38.775 Thread 0x0000020d2a6b32a0 19218       2       org.gradle.internal.component.model.GraphVariantSelector::matchesCapabilitySelectors (108 bytes)
Event: 38.776 Thread 0x0000020d2a6b32a0 nmethod 19218 0x0000020d193cca90 code [0x0000020d193ccd00, 0x0000020d193cd4d8]

GC Heap History (20 events):
Event: 31.584 GC heap before
{Heap before GC invocations=28 (full 0):
 garbage-first heap   total 307200K, used 254032K [0x00000000e0000000, 0x0000000100000000)
  region size 1024K, 110 young (112640K), 7 survivors (7168K)
 Metaspace       used 92337K, committed 93504K, reserved 458752K
  class space    used 13173K, committed 13696K, reserved 327680K
}
Event: 31.591 GC heap after
{Heap after GC invocations=29 (full 0):
 garbage-first heap   total 307200K, used 151220K [0x00000000e0000000, 0x0000000100000000)
  region size 1024K, 9 young (9216K), 9 survivors (9216K)
 Metaspace       used 92337K, committed 93504K, reserved 458752K
  class space    used 13173K, committed 13696K, reserved 327680K
}
Event: 31.632 GC heap before
{Heap before GC invocations=29 (full 0):
 garbage-first heap   total 307200K, used 156340K [0x00000000e0000000, 0x0000000100000000)
  region size 1024K, 15 young (15360K), 9 survivors (9216K)
 Metaspace       used 92337K, committed 93504K, reserved 458752K
  class space    used 13173K, committed 13696K, reserved 327680K
}
Event: 31.643 GC heap after
{Heap after GC invocations=30 (full 0):
 garbage-first heap   total 307200K, used 150364K [0x00000000e0000000, 0x0000000100000000)
  region size 1024K, 2 young (2048K), 2 survivors (2048K)
 Metaspace       used 92337K, committed 93504K, reserved 458752K
  class space    used 13173K, committed 13696K, reserved 327680K
}
Event: 32.213 GC heap before
{Heap before GC invocations=30 (full 0):
 garbage-first heap   total 307200K, used 255836K [0x00000000e0000000, 0x0000000100000000)
  region size 1024K, 105 young (107520K), 2 survivors (2048K)
 Metaspace       used 92415K, committed 93568K, reserved 458752K
  class space    used 13179K, committed 13696K, reserved 327680K
}
Event: 32.219 GC heap after
{Heap after GC invocations=31 (full 0):
 garbage-first heap   total 307200K, used 155637K [0x00000000e0000000, 0x0000000100000000)
  region size 1024K, 7 young (7168K), 7 survivors (7168K)
 Metaspace       used 92415K, committed 93568K, reserved 458752K
  class space    used 13179K, committed 13696K, reserved 327680K
}
Event: 32.885 GC heap before
{Heap before GC invocations=32 (full 0):
 garbage-first heap   total 307200K, used 255989K [0x00000000e0000000, 0x0000000100000000)
  region size 1024K, 105 young (107520K), 7 survivors (7168K)
 Metaspace       used 92542K, committed 93696K, reserved 458752K
  class space    used 13210K, committed 13760K, reserved 327680K
}
Event: 32.895 GC heap after
{Heap after GC invocations=33 (full 0):
 garbage-first heap   total 307200K, used 156787K [0x00000000e0000000, 0x0000000100000000)
  region size 1024K, 8 young (8192K), 8 survivors (8192K)
 Metaspace       used 92542K, committed 93696K, reserved 458752K
  class space    used 13210K, committed 13760K, reserved 327680K
}
Event: 33.146 GC heap before
{Heap before GC invocations=33 (full 0):
 garbage-first heap   total 307200K, used 163955K [0x00000000e0000000, 0x0000000100000000)
  region size 1024K, 15 young (15360K), 8 survivors (8192K)
 Metaspace       used 92752K, committed 93952K, reserved 458752K
  class space    used 13227K, committed 13824K, reserved 327680K
}
Event: 33.157 GC heap after
{Heap after GC invocations=34 (full 0):
 garbage-first heap   total 307200K, used 155799K [0x00000000e0000000, 0x0000000100000000)
  region size 1024K, 2 young (2048K), 2 survivors (2048K)
 Metaspace       used 92752K, committed 93952K, reserved 458752K
  class space    used 13227K, committed 13824K, reserved 327680K
}
Event: 33.969 GC heap before
{Heap before GC invocations=34 (full 0):
 garbage-first heap   total 307200K, used 257175K [0x00000000e0000000, 0x0000000100000000)
  region size 1024K, 101 young (103424K), 2 survivors (2048K)
 Metaspace       used 92859K, committed 94080K, reserved 458752K
  class space    used 13228K, committed 13824K, reserved 327680K
}
Event: 33.977 GC heap after
{Heap after GC invocations=35 (full 0):
 garbage-first heap   total 307200K, used 160861K [0x00000000e0000000, 0x0000000100000000)
  region size 1024K, 7 young (7168K), 7 survivors (7168K)
 Metaspace       used 92859K, committed 94080K, reserved 458752K
  class space    used 13228K, committed 13824K, reserved 327680K
}
Event: 34.676 GC heap before
{Heap before GC invocations=35 (full 0):
 garbage-first heap   total 307200K, used 259165K [0x00000000e0000000, 0x0000000100000000)
  region size 1024K, 102 young (104448K), 7 survivors (7168K)
 Metaspace       used 93519K, committed 94720K, reserved 458752K
  class space    used 13298K, committed 13888K, reserved 327680K
}
Event: 34.685 GC heap after
{Heap after GC invocations=36 (full 0):
 garbage-first heap   total 307200K, used 162623K [0x00000000e0000000, 0x0000000100000000)
  region size 1024K, 8 young (8192K), 8 survivors (8192K)
 Metaspace       used 93519K, committed 94720K, reserved 458752K
  class space    used 13298K, committed 13888K, reserved 327680K
}
Event: 36.203 GC heap before
{Heap before GC invocations=36 (full 0):
 garbage-first heap   total 307200K, used 258879K [0x00000000e0000000, 0x0000000100000000)
  region size 1024K, 103 young (105472K), 8 survivors (8192K)
 Metaspace       used 93523K, committed 94720K, reserved 458752K
  class space    used 13298K, committed 13888K, reserved 327680K
}
Event: 36.213 GC heap after
{Heap after GC invocations=37 (full 0):
 garbage-first heap   total 307200K, used 169628K [0x00000000e0000000, 0x0000000100000000)
  region size 1024K, 11 young (11264K), 11 survivors (11264K)
 Metaspace       used 93523K, committed 94720K, reserved 458752K
  class space    used 13298K, committed 13888K, reserved 327680K
}
Event: 37.375 GC heap before
{Heap before GC invocations=37 (full 0):
 garbage-first heap   total 307200K, used 258716K [0x00000000e0000000, 0x0000000100000000)
  region size 1024K, 99 young (101376K), 11 survivors (11264K)
 Metaspace       used 96233K, committed 97408K, reserved 458752K
  class space    used 13603K, committed 14208K, reserved 327680K
}
Event: 37.391 GC heap after
{Heap after GC invocations=38 (full 0):
 garbage-first heap   total 307200K, used 179420K [0x00000000e0000000, 0x0000000100000000)
  region size 1024K, 12 young (12288K), 12 survivors (12288K)
 Metaspace       used 96233K, committed 97408K, reserved 458752K
  class space    used 13603K, committed 14208K, reserved 327680K
}
Event: 38.579 GC heap before
{Heap before GC invocations=38 (full 0):
 garbage-first heap   total 307200K, used 256220K [0x00000000e0000000, 0x0000000100000000)
  region size 1024K, 87 young (89088K), 12 survivors (12288K)
 Metaspace       used 99013K, committed 100288K, reserved 458752K
  class space    used 13954K, committed 14592K, reserved 327680K
}
Event: 38.592 GC heap after
{Heap after GC invocations=39 (full 0):
 garbage-first heap   total 307200K, used 184917K [0x00000000e0000000, 0x0000000100000000)
  region size 1024K, 6 young (6144K), 6 survivors (6144K)
 Metaspace       used 99013K, committed 100288K, reserved 458752K
  class space    used 13954K, committed 14592K, reserved 327680K
}

Deoptimization events (20 events):
Event: 38.510 Thread 0x0000020d45a90cf0 DEOPT PACKING pc=0x0000020d1fd1f290 sp=0x0000007bd53f9760
Event: 38.510 Thread 0x0000020d45a90cf0 DEOPT UNPACKING pc=0x0000020d1eb75ba3 sp=0x0000007bd53f9710 mode 2
Event: 38.510 Thread 0x0000020d45a90cf0 Uncommon trap: trap_request=0xffffffde fr.pc=0x0000020d1fd1f290 relative=0x0000000000000c90
Event: 38.510 Thread 0x0000020d45a90cf0 Uncommon trap: reason=class_check action=maybe_recompile pc=0x0000020d1fd1f290 method=java.util.AbstractSet.hashCode()I @ 29 c2
Event: 38.510 Thread 0x0000020d45a90cf0 DEOPT PACKING pc=0x0000020d1fd1f290 sp=0x0000007bd53f9760
Event: 38.510 Thread 0x0000020d45a90cf0 DEOPT UNPACKING pc=0x0000020d1eb75ba3 sp=0x0000007bd53f9710 mode 2
Event: 38.510 Thread 0x0000020d45a90cf0 Uncommon trap: trap_request=0xffffffde fr.pc=0x0000020d1fd1f290 relative=0x0000000000000c90
Event: 38.510 Thread 0x0000020d45a90cf0 Uncommon trap: reason=class_check action=maybe_recompile pc=0x0000020d1fd1f290 method=java.util.AbstractSet.hashCode()I @ 29 c2
Event: 38.510 Thread 0x0000020d45a90cf0 DEOPT PACKING pc=0x0000020d1fd1f290 sp=0x0000007bd53f9760
Event: 38.510 Thread 0x0000020d45a90cf0 DEOPT UNPACKING pc=0x0000020d1eb75ba3 sp=0x0000007bd53f9710 mode 2
Event: 38.512 Thread 0x0000020d4afe5ff0 Uncommon trap: trap_request=0xffffff45 fr.pc=0x0000020d1fc716d0 relative=0x0000000000000330
Event: 38.513 Thread 0x0000020d4afe5ff0 Uncommon trap: reason=unstable_if action=reinterpret pc=0x0000020d1fc716d0 method=org.gradle.tooling.internal.adapter.ProtocolToModelAdapter.createView(Ljava/lang/Class;Ljava/lang/Object;Lorg/gradle/tooling/internal/adapter/ProtocolToModelAdapter$ViewDeco
Event: 38.513 Thread 0x0000020d4afe5ff0 DEOPT PACKING pc=0x0000020d1fc716d0 sp=0x0000007bdd5fe950
Event: 38.513 Thread 0x0000020d4afe5ff0 DEOPT UNPACKING pc=0x0000020d1eb75ba3 sp=0x0000007bdd5fe840 mode 2
Event: 38.596 Thread 0x0000020d2a67abc0 Uncommon trap: trap_request=0xffffffc6 fr.pc=0x0000020d1f56c2d4 relative=0x00000000000008d4
Event: 38.596 Thread 0x0000020d2a67abc0 Uncommon trap: reason=bimorphic_or_optimized_type_check action=maybe_recompile pc=0x0000020d1f56c2d4 method=java.lang.ThreadLocal.setInitialValue()Ljava/lang/Object; @ 31 c2
Event: 38.596 Thread 0x0000020d2a67abc0 DEOPT PACKING pc=0x0000020d1f56c2d4 sp=0x0000007bd3bfeb90
Event: 38.596 Thread 0x0000020d2a67abc0 DEOPT UNPACKING pc=0x0000020d1eb75ba3 sp=0x0000007bd3bfeaf0 mode 2
Event: 38.729 Thread 0x0000020d45a90cf0 DEOPT PACKING pc=0x0000020d183fabfe sp=0x0000007bd53f6980
Event: 38.729 Thread 0x0000020d45a90cf0 DEOPT UNPACKING pc=0x0000020d1eb766e3 sp=0x0000007bd53f5dd8 mode 0

Classes unloaded (1 events):
Event: 28.424 Thread 0x0000020d2a6764e0 Unloading class 0x0000020d2c790400 'java/lang/invoke/LambdaForm$DMH+0x0000020d2c790400'

Classes redefined (0 events):
No events

Internal exceptions (20 events):
Event: 37.135 Thread 0x0000020d4afe5ff0 Exception <a 'java/lang/NoSuchMethodError'{0x00000000ee789b18}: static Lorg/jetbrains/kotlin/idea/gradleTooling/KotlinGradleModelImpl;.<clinit>()V> (0x00000000ee789b18) 
thrown [s\open\src\hotspot\share\prims\jni.cpp, line 1107]
Event: 37.140 Thread 0x0000020d4afe5ff0 Exception <a 'java/lang/NoSuchMethodError'{0x00000000ee63b500}: static Lorg/jetbrains/kotlin/idea/gradleTooling/KotlinGradlePluginVersionImpl;.<clinit>()V> (0x00000000ee63b500) 
thrown [s\open\src\hotspot\share\prims\jni.cpp, line 1107]
Event: 37.143 Thread 0x0000020d45a90cf0 Exception <a 'java/lang/ClassNotFoundException'{0x00000000ee647e00}: org/gradle/api/internal/artifacts/ivyservice/resolveengine/result/ComponentSelectionReasons$DefaultComponentSelectionReasonBeanInfo> (0x00000000ee647e00) 
thrown [s\open\src\hotspot\share\classfile\systemDictionary.cpp, line 256]
Event: 37.143 Thread 0x0000020d4afe5ff0 Exception <a 'java/lang/NoSuchMethodError'{0x00000000ee6c5f30}: static Lorg/jetbrains/kotlin/tooling/core/KotlinToolingVersion;.<clinit>()V> (0x00000000ee6c5f30) 
thrown [s\open\src\hotspot\share\prims\jni.cpp, line 1107]
Event: 37.143 Thread 0x0000020d45a90cf0 Exception <a 'java/lang/ClassNotFoundException'{0x00000000ee657368}: org/gradle/api/internal/artifacts/ivyservice/resolveengine/result/ComponentSelectionReasons$DefaultComponentSelectionReasonCustomizer> (0x00000000ee657368) 
thrown [s\open\src\hotspot\share\classfile\systemDictionary.cpp, line 256]
Event: 37.144 Thread 0x0000020d4afe5ff0 Exception <a 'java/lang/NoSuchMethodError'{0x00000000ee6d2610}: static Lorg/jetbrains/kotlin/idea/gradleTooling/KotlinTaskPropertiesImpl;.<clinit>()V> (0x00000000ee6d2610) 
thrown [s\open\src\hotspot\share\prims\jni.cpp, line 1107]
Event: 37.374 Thread 0x0000020d45a90cf0 Implicit null exception at 0x0000020d1f695280 to 0x0000020d1f695410
Event: 37.399 Thread 0x0000020d4afe5ff0 Exception <a 'java/lang/NoSuchMethodError'{0x00000000f2ba1e10}: static Lcom/intellij/gradle/toolingExtension/impl/javaModel/manifestModel/DefaultJavaGradleManifestModel;.<clinit>()V> (0x00000000f2ba1e10) 
thrown [s\open\src\hotspot\share\prims\jni.cpp, line 1107]
Event: 37.413 Thread 0x0000020d4afe5ff0 Exception <a 'java/lang/NoSuchMethodError'{0x00000000f2bc1c48}: static Lcom/intellij/gradle/toolingExtension/impl/model/repositoryModel/DefaultProjectRepositoriesModel;.<clinit>()V> (0x00000000f2bc1c48) 
thrown [s\open\src\hotspot\share\prims\jni.cpp, line 1107]
Event: 37.424 Thread 0x0000020d4afe5ff0 Exception <a 'java/lang/NoSuchMethodError'{0x00000000f2a0a830}: static Lcom/intellij/gradle/toolingExtension/impl/model/repositoryModel/DefaultUrlRepositoryModel;.<clinit>()V> (0x00000000f2a0a830) 
thrown [s\open\src\hotspot\share\prims\jni.cpp, line 1107]
Event: 37.424 Thread 0x0000020d4afe5ff0 Exception <a 'java/lang/NoSuchMethodError'{0x00000000f2a0c7a0}: static Lcom/intellij/gradle/toolingExtension/impl/model/repositoryModel/DefaultRepositoryModel;.<clinit>()V> (0x00000000f2a0c7a0) 
thrown [s\open\src\hotspot\share\prims\jni.cpp, line 1107]
Event: 37.478 Thread 0x0000020d4afe5ff0 Exception <a 'java/lang/NoSuchMethodError'{0x00000000f2a261a8}: static Lorg/jetbrains/kotlin/idea/gradleTooling/model/kapt/KaptGradleModelImpl;.<clinit>()V> (0x00000000f2a261a8) 
thrown [s\open\src\hotspot\share\prims\jni.cpp, line 1107]
Event: 37.606 Thread 0x0000020d45a90cf0 Exception <a 'java/lang/ClassNotFoundException'{0x00000000f2657868}: org/gradle/api/tasks/testing/Test_DecoratedBeanInfo> (0x00000000f2657868) 
thrown [s\open\src\hotspot\share\classfile\systemDictionary.cpp, line 256]
Event: 37.607 Thread 0x0000020d45a90cf0 Exception <a 'java/lang/ClassNotFoundException'{0x00000000f2664b20}: org/gradle/api/tasks/testing/TestBeanInfo> (0x00000000f2664b20) 
thrown [s\open\src\hotspot\share\classfile\systemDictionary.cpp, line 256]
Event: 37.609 Thread 0x0000020d45a90cf0 Exception <a 'java/lang/ClassNotFoundException'{0x00000000f26720c8}: org/gradle/api/tasks/testing/AbstractTestTaskBeanInfo> (0x00000000f26720c8) 
thrown [s\open\src\hotspot\share\classfile\systemDictionary.cpp, line 256]
Event: 37.610 Thread 0x0000020d45a90cf0 Exception <a 'java/lang/ClassNotFoundException'{0x00000000f267f898}: org/gradle/api/tasks/testing/AbstractTestTaskCustomizer> (0x00000000f267f898) 
thrown [s\open\src\hotspot\share\classfile\systemDictionary.cpp, line 256]
Event: 37.611 Thread 0x0000020d45a90cf0 Exception <a 'java/lang/ClassNotFoundException'{0x00000000f26abaa8}: org/gradle/api/tasks/testing/TestCustomizer> (0x00000000f26abaa8) 
thrown [s\open\src\hotspot\share\classfile\systemDictionary.cpp, line 256]
Event: 37.629 Thread 0x0000020d45a90cf0 Exception <a 'java/lang/ClassNotFoundException'{0x00000000f2539e80}: org/gradle/api/tasks/testing/Test_DecoratedCustomizer> (0x00000000f2539e80) 
thrown [s\open\src\hotspot\share\classfile\systemDictionary.cpp, line 256]
Event: 37.685 Thread 0x0000020d4afe5ff0 Exception <a 'java/lang/NoSuchMethodError'{0x00000000f239ecd8}: static Lorg/jetbrains/plugins/gradle/tooling/internal/VersionCatalogsModelImpl;.<clinit>()V> (0x00000000f239ecd8) 
thrown [s\open\src\hotspot\share\prims\jni.cpp, line 1107]
Event: 37.837 Thread 0x0000020d45a90cf0 Exception <a 'java/lang/NoSuchMethodError'{0x00000000f1c5fd38}: 'java.lang.Object java.lang.invoke.DirectMethodHandle$Holder.invokeStatic(java.lang.Object, int, java.lang.Object)'> (0x00000000f1c5fd38) 
thrown [s\open\src\hotspot\share\interpreter\linkResolver.cpp, line 759]

VM Operations (20 events):
Event: 36.203 Executing VM operation: G1CollectForAllocation
Event: 36.213 Executing VM operation: G1CollectForAllocation done
Event: 36.810 Executing VM operation: ICBufferFull
Event: 36.811 Executing VM operation: ICBufferFull done
Event: 37.232 Executing VM operation: ICBufferFull
Event: 37.232 Executing VM operation: ICBufferFull done
Event: 37.364 Executing VM operation: HandshakeAllThreads
Event: 37.365 Executing VM operation: HandshakeAllThreads done
Event: 37.374 Executing VM operation: G1CollectForAllocation
Event: 37.393 Executing VM operation: G1CollectForAllocation done
Event: 37.999 Executing VM operation: ICBufferFull
Event: 37.999 Executing VM operation: ICBufferFull done
Event: 38.409 Executing VM operation: ICBufferFull
Event: 38.409 Executing VM operation: ICBufferFull done
Event: 38.578 Executing VM operation: G1CollectForAllocation
Event: 38.593 Executing VM operation: G1CollectForAllocation done
Event: 38.620 Executing VM operation: HandshakeAllThreads
Event: 38.621 Executing VM operation: HandshakeAllThreads done
Event: 38.772 Executing VM operation: ICBufferFull
Event: 38.772 Executing VM operation: ICBufferFull done

Events (20 events):
Event: 38.672 loading class sun/security/ssl/SSLTrafficKeyDerivation$LegacyTrafficKeyDerivation
Event: 38.672 loading class sun/security/ssl/SSLTrafficKeyDerivation$LegacyTrafficKeyDerivation done
Event: 38.672 loading class sun/security/internal/spec/TlsKeyMaterialParameterSpec
Event: 38.672 loading class sun/security/internal/spec/TlsKeyMaterialParameterSpec done
Event: 38.673 loading class com/sun/crypto/provider/TlsKeyMaterialGenerator
Event: 38.673 loading class com/sun/crypto/provider/TlsKeyMaterialGenerator done
Event: 38.674 loading class sun/security/internal/spec/TlsKeyMaterialSpec
Event: 38.674 loading class sun/security/internal/spec/TlsKeyMaterialSpec done
Event: 38.674 loading class sun/security/internal/spec/TlsPrfParameterSpec
Event: 38.674 loading class sun/security/internal/spec/TlsPrfParameterSpec done
Event: 38.674 loading class com/sun/crypto/provider/TlsPrfGenerator$V12
Event: 38.674 loading class com/sun/crypto/provider/TlsPrfGenerator$V12 done
Event: 38.676 loading class sun/security/ssl/Authenticator$TLS10Authenticator
Event: 38.676 loading class sun/security/ssl/Authenticator$TLS10Authenticator done
Event: 38.676 loading class sun/security/ssl/SSLCipher$T12GcmWriteCipherGenerator$GcmWriteCipher
Event: 38.676 loading class sun/security/ssl/SSLCipher$T12GcmWriteCipherGenerator$GcmWriteCipher done
Event: 38.689 loading class sun/security/ssl/NewSessionTicket$T12NewSessionTicketMessage
Event: 38.689 loading class sun/security/ssl/NewSessionTicket$T12NewSessionTicketMessage done
Event: 38.689 loading class sun/security/ssl/SSLCipher$T12GcmReadCipherGenerator$GcmReadCipher
Event: 38.690 loading class sun/security/ssl/SSLCipher$T12GcmReadCipherGenerator$GcmReadCipher done


Dynamic libraries:
0x00007ff60c7a0000 - 0x00007ff60c7b0000 	C:\Program Files\Java\jdk-17\bin\java.exe
0x00007ff87a2e0000 - 0x00007ff87a547000 	C:\WINDOWS\SYSTEM32\ntdll.dll
0x00007ff878e30000 - 0x00007ff878ef9000 	C:\WINDOWS\System32\KERNEL32.DLL
0x00007ff876c70000 - 0x00007ff877061000 	C:\WINDOWS\System32\KERNELBASE.dll
0x00007ff877e80000 - 0x00007ff877fcb000 	C:\WINDOWS\System32\ucrtbase.dll
0x00007ff859c30000 - 0x00007ff859c4b000 	C:\Program Files\Java\jdk-17\bin\VCRUNTIME140.dll
0x00007ff866360000 - 0x00007ff866379000 	C:\Program Files\Java\jdk-17\bin\jli.dll
0x00007ff879bc0000 - 0x00007ff879c7b000 	C:\WINDOWS\System32\ADVAPI32.dll
0x00007ff87a1f0000 - 0x00007ff87a299000 	C:\WINDOWS\System32\msvcrt.dll
0x00007ff879c80000 - 0x00007ff879d27000 	C:\WINDOWS\System32\sechost.dll
0x00007ff879840000 - 0x00007ff879958000 	C:\WINDOWS\System32\RPCRT4.dll
0x00007ff878f00000 - 0x00007ff8790c5000 	C:\WINDOWS\System32\USER32.dll
0x00007ff877a50000 - 0x00007ff877a77000 	C:\WINDOWS\System32\win32u.dll
0x00007ff85da70000 - 0x00007ff85dd03000 	C:\WINDOWS\WinSxS\amd64_microsoft.windows.common-controls_6595b64144ccf1df_6.0.26100.8037_none_3e092faae333b53b\COMCTL32.dll
0x00007ff878080000 - 0x00007ff8780ab000 	C:\WINDOWS\System32\GDI32.dll
0x00007ff877c00000 - 0x00007ff877d2b000 	C:\WINDOWS\System32\gdi32full.dll
0x00007ff876bc0000 - 0x00007ff876c63000 	C:\WINDOWS\System32\msvcp_win.dll
0x00007ff867d40000 - 0x00007ff867d4b000 	C:\WINDOWS\SYSTEM32\VERSION.dll
0x00007ff8784e0000 - 0x00007ff878511000 	C:\WINDOWS\System32\IMM32.DLL
0x00007ff8671f0000 - 0x00007ff8671fc000 	C:\Program Files\Java\jdk-17\bin\vcruntime140_1.dll
0x00007ff82cbd0000 - 0x00007ff82cc5e000 	C:\Program Files\Java\jdk-17\bin\msvcp140.dll
0x00007fffe2b30000 - 0x00007fffe370e000 	C:\Program Files\Java\jdk-17\bin\server\jvm.dll
0x00007ff878e20000 - 0x00007ff878e28000 	C:\WINDOWS\System32\PSAPI.DLL
0x00007ff866150000 - 0x00007ff86615a000 	C:\WINDOWS\SYSTEM32\WSOCK32.dll
0x00007ff86fa20000 - 0x00007ff86fa55000 	C:\WINDOWS\SYSTEM32\WINMM.dll
0x00007ff87a160000 - 0x00007ff87a1d4000 	C:\WINDOWS\System32\WS2_32.dll
0x00007ff875950000 - 0x00007ff87596b000 	C:\WINDOWS\SYSTEM32\kernel.appcore.dll
0x00007ff866c00000 - 0x00007ff866c0a000 	C:\Program Files\Java\jdk-17\bin\jimage.dll
0x00007ff8742e0000 - 0x00007ff874522000 	C:\WINDOWS\SYSTEM32\DBGHELP.DLL
0x00007ff878140000 - 0x00007ff8784c2000 	C:\WINDOWS\System32\combase.dll
0x00007ff8790d0000 - 0x00007ff8791a7000 	C:\WINDOWS\System32\OLEAUT32.dll
0x00007ff852200000 - 0x00007ff85223b000 	C:\WINDOWS\SYSTEM32\dbgcore.DLL
0x00007ff877fd0000 - 0x00007ff878075000 	C:\WINDOWS\System32\bcryptPrimitives.dll
0x00007ff866350000 - 0x00007ff86635e000 	C:\Program Files\Java\jdk-17\bin\instrument.dll
0x00007ff8506b0000 - 0x00007ff8506d5000 	C:\Program Files\Java\jdk-17\bin\java.dll
0x00007ff827900000 - 0x00007ff8279d7000 	C:\Program Files\Java\jdk-17\bin\jsvml.dll
0x00007ff878520000 - 0x00007ff878c7f000 	C:\WINDOWS\System32\SHELL32.dll
0x00007ff877070000 - 0x00007ff8771da000 	C:\WINDOWS\System32\wintypes.dll
0x00007ff8771e0000 - 0x00007ff877a44000 	C:\WINDOWS\System32\windows.storage.dll
0x00007ff8791b0000 - 0x00007ff8792a7000 	C:\WINDOWS\System32\SHCORE.dll
0x00007ff878db0000 - 0x00007ff878e17000 	C:\WINDOWS\System32\shlwapi.dll
0x00007ff876ae0000 - 0x00007ff876b09000 	C:\WINDOWS\SYSTEM32\profapi.dll
0x00007ff847830000 - 0x00007ff847848000 	C:\Program Files\Java\jdk-17\bin\zip.dll
0x00007ff847570000 - 0x00007ff847589000 	C:\Program Files\Java\jdk-17\bin\net.dll
0x00007ff871650000 - 0x00007ff871777000 	C:\WINDOWS\SYSTEM32\WINHTTP.dll
0x00007ff875ec0000 - 0x00007ff875f2b000 	C:\WINDOWS\system32\mswsock.dll
0x00007ff847550000 - 0x00007ff847566000 	C:\Program Files\Java\jdk-17\bin\nio.dll
0x00007ff865f80000 - 0x00007ff865f90000 	C:\Program Files\Java\jdk-17\bin\verify.dll
0x00007fffca870000 - 0x00007fffca897000 	C:\Users\ws050\.gradle\native\660c5614fbf4a5f2a75b1949f50a0caf5cd603558e7d8a26e50b933a0cfb79d1\windows-amd64\native-platform.dll
0x00007ff837530000 - 0x00007ff8375a7000 	C:\Users\ws050\.gradle\native\0.2.8\x86_64-windows-gnu\gradle-fileevents.dll
0x00007ff865ed0000 - 0x00007ff865eda000 	C:\Program Files\Java\jdk-17\bin\management.dll
0x00007ff857380000 - 0x00007ff85738b000 	C:\Program Files\Java\jdk-17\bin\management_ext.dll
0x00007ff875470000 - 0x00007ff8754a3000 	C:\WINDOWS\SYSTEM32\IPHLPAPI.DLL
0x00007ff8784d0000 - 0x00007ff8784da000 	C:\WINDOWS\System32\NSI.dll
0x00007ff8718b0000 - 0x00007ff8718cd000 	C:\WINDOWS\SYSTEM32\dhcpcsvc6.DLL
0x00007ff871880000 - 0x00007ff8718a3000 	C:\WINDOWS\SYSTEM32\dhcpcsvc.DLL
0x00007ff8754b0000 - 0x00007ff8755da000 	C:\WINDOWS\SYSTEM32\DNSAPI.dll
0x00007ff8761a0000 - 0x00007ff8761bb000 	C:\WINDOWS\SYSTEM32\CRYPTSP.dll
0x00007ff8758b0000 - 0x00007ff8758e9000 	C:\WINDOWS\system32\rsaenh.dll
0x00007ff875f70000 - 0x00007ff875fa2000 	C:\WINDOWS\SYSTEM32\USERENV.dll
0x00007ff876ab0000 - 0x00007ff876ada000 	C:\WINDOWS\SYSTEM32\bcrypt.dll
0x00007ff8761c0000 - 0x00007ff8761cc000 	C:\WINDOWS\SYSTEM32\CRYPTBASE.dll
0x00007ff8510a0000 - 0x00007ff8510ae000 	C:\Program Files\Java\jdk-17\bin\sunmscapi.dll
0x00007ff877a80000 - 0x00007ff877bf7000 	C:\WINDOWS\System32\CRYPT32.dll
0x00007ff8763c0000 - 0x00007ff8763f0000 	C:\WINDOWS\SYSTEM32\ncrypt.dll
0x00007ff876370000 - 0x00007ff8763af000 	C:\WINDOWS\SYSTEM32\NTASN1.dll
0x00007ff82b520000 - 0x00007ff82b528000 	C:\WINDOWS\system32\wshunix.dll
0x00007ff869010000 - 0x00007ff86901b000 	C:\Windows\System32\rasadhlp.dll
0x00007ff871c50000 - 0x00007ff871cd6000 	C:\WINDOWS\System32\fwpuclnt.dll

dbghelp: loaded successfully - version: 4.0.5 - missing functions: none
symbol engine: initialized successfully - sym options: 0x614 - pdb path: .;C:\Program Files\Java\jdk-17\bin;C:\WINDOWS\SYSTEM32;C:\WINDOWS\WinSxS\amd64_microsoft.windows.common-controls_6595b64144ccf1df_6.0.26100.8037_none_3e092faae333b53b;C:\Program Files\Java\jdk-17\bin\server;C:\Users\ws050\.gradle\native\660c5614fbf4a5f2a75b1949f50a0caf5cd603558e7d8a26e50b933a0cfb79d1\windows-amd64;C:\Users\ws050\.gradle\native\0.2.8\x86_64-windows-gnu

VM Arguments:
jvm_args: --add-opens=java.base/java.lang=ALL-UNNAMED --add-opens=java.base/java.lang.invoke=ALL-UNNAMED --add-opens=java.base/java.util=ALL-UNNAMED --add-opens=java.prefs/java.util.prefs=ALL-UNNAMED --add-exports=jdk.compiler/com.sun.tools.javac.api=ALL-UNNAMED --add-exports=jdk.compiler/com.sun.tools.javac.util=ALL-UNNAMED --add-opens=java.base/java.util=ALL-UNNAMED --add-opens=java.prefs/java.util.prefs=ALL-UNNAMED --add-opens=java.base/java.nio.charset=ALL-UNNAMED --add-opens=java.base/java.net=ALL-UNNAMED --add-opens=java.base/java.util.concurrent=ALL-UNNAMED --add-opens=java.base/java.util.concurrent.atomic=ALL-UNNAMED --add-opens=java.xml/javax.xml.namespace=ALL-UNNAMED --add-opens=java.base/java.time=ALL-UNNAMED -XX:MaxMetaspaceSize=384m -XX:+HeapDumpOnOutOfMemoryError -Xms256m -Xmx512m -Dfile.encoding=UTF-8 -Duser.country=KR -Duser.language=ko -Duser.variant -javaagent:C:\Users\ws050\.gradle\wrapper\dists\gradle-9.3.1-bin\23ovyewtku6u96viwx3xl3oks\gradle-9.3.1\lib\agents\gradle-instrumentation-agent-9.3.1.jar 
java_command: org.gradle.launcher.daemon.bootstrap.GradleDaemon 9.3.1
java_class_path (initial): C:\Users\ws050\.gradle\wrapper\dists\gradle-9.3.1-bin\23ovyewtku6u96viwx3xl3oks\gradle-9.3.1\lib\gradle-daemon-main-9.3.1.jar
Launcher Type: SUN_STANDARD

[Global flags]
     intx CICompilerCount                          = 4                                         {product} {ergonomic}
   size_t CompressedClassSpaceSize                 = 335544320                                 {product} {ergonomic}
     uint ConcGCThreads                            = 2                                         {product} {ergonomic}
     uint G1ConcRefinementThreads                  = 8                                         {product} {ergonomic}
   size_t G1HeapRegionSize                         = 1048576                                   {product} {ergonomic}
    uintx GCDrainStackTargetSize                   = 64                                        {product} {ergonomic}
     bool HeapDumpOnOutOfMemoryError               = true                                   {manageable} {command line}
   size_t InitialHeapSize                          = 268435456                                 {product} {command line}
   size_t MarkStackSize                            = 4194304                                   {product} {ergonomic}
   size_t MaxHeapSize                              = 536870912                                 {product} {command line}
   size_t MaxMetaspaceSize                         = 402653184                                 {product} {command line}
   size_t MaxNewSize                               = 321912832                                 {product} {ergonomic}
   size_t MinHeapDeltaBytes                        = 1048576                                   {product} {ergonomic}
   size_t MinHeapSize                              = 268435456                                 {product} {command line}
    uintx NonNMethodCodeHeapSize                   = 5839372                                {pd product} {ergonomic}
    uintx NonProfiledCodeHeapSize                  = 122909434                              {pd product} {ergonomic}
    uintx ProfiledCodeHeapSize                     = 122909434                              {pd product} {ergonomic}
    uintx ReservedCodeCacheSize                    = 251658240                              {pd product} {ergonomic}
     bool SegmentedCodeCache                       = true                                      {product} {ergonomic}
   size_t SoftMaxHeapSize                          = 536870912                              {manageable} {ergonomic}
     bool UseCompressedClassPointers               = true                           {product lp64_product} {ergonomic}
     bool UseCompressedOops                        = true                           {product lp64_product} {ergonomic}
     bool UseG1GC                                  = true                                      {product} {ergonomic}
     bool UseLargePagesIndividualAllocation        = false                                  {pd product} {ergonomic}

Logging:
Log output configuration:
 #0: stdout all=warning uptime,level,tags
 #1: stderr all=off uptime,level,tags

Environment Variables:
JAVA_HOME=C:\Program Files\Java\jdk-17
CLASSPATH=%classpath%;.;.;.
PATH=C:\Program Files\Common Files\Oracle\Java\javapath;C:\WINDOWS\system32;C:\WINDOWS;C:\WINDOWS\System32\Wbem;C:\WINDOWS\System32\WindowsPowerShell\v1.0\;C:\WINDOWS\System32\OpenSSH\;C:\Program Files\Java\jdk-17;C:\Program Files\Java\jdk-17\bin;C:\apache-tomcat-10.1.31\bin;C:\Program Files\mingw-w64\x86_64-8.1.0-posix-seh-rt_v6-rev0\mingw64\bin;C:\Program Files\MySQL\MySQL Server 8.0\bin;C:\Program Files\MongoDB\Server\6.0\bin;C:\Program Files\Tesseract-OCR;C:\Users\ws050\anaconda3;C:\Users\ws050\anaconda3\Library;C:\Users\ws050\anaconda3\Library\bin;C:\Users\ws050\anaconda3\Scripts;C:\Program Files\Git\cmd;C:\Program Files\Docker\Docker\resources\bin;C:\Program Files\Amazon\AWSCLIV2\;C:\Program Files\nodejs\;C:\Program Files\dotnet\;C:\Users\ws050\AppData\Local\Microsoft\WindowsApps;C:\Program Files\JetBrains\IntelliJ IDEA 2024.1.4\bin;;C:\Program Files\Bandizip\;C:\windows\system32;C:\Users\ws050\AppData\Local\Programs\mongosh\;C:\Program Files\Tesseract-OCR;C:\Users\ws050\anaconda3\Library;C:\Program Files\JetBrains\IntelliJ IDEA Community Edition 2024.1.4\bin;;C:\Program Files\JetBrains\PyCharm Community Edition 2024.1\bin;;C:\Users\ws050\AppData\Local\afreeca;C:\Users\ws050\AppData\Roaming\npm;C:\Users\ws050\AppData\Local\Programs\Microsoft VS Code\bin
USERNAME=ws050
LANG=ko_KR.UTF-8
OS=Windows_NT
PROCESSOR_IDENTIFIER=Intel64 Family 6 Model 140 Stepping 1, GenuineIntel



---------------  S Y S T E M  ---------------

OS:
 Windows 11 , 64 bit Build 26100 (10.0.26100.7920)
OS uptime: 0 days 13:14 hours
Hyper-V role detected

CPU: total 8 (initial active 8) (4 cores per cpu, 2 threads per core) family 6 model 140 stepping 1 microcode 0xb4, cx8, cmov, fxsr, ht, mmx, 3dnowpref, sse, sse2, sse3, ssse3, sse4.1, sse4.2, popcnt, lzcnt, tsc, tscinvbit, avx, avx2, aes, erms, clmul, bmi1, bmi2, adx, avx512f, avx512dq, avx512cd, avx512bw, avx512vl, sha, fma, vzeroupper, avx512_vpopcntdq, avx512_vpclmulqdq, avx512_vaes, avx512_vnni, clflush, clflushopt, clwb, avx512_vbmi2, avx512_vbmi, hv

Memory: 4k page, system-wide physical 16057M (2622M free)
TotalPageFile size 18105M (AvailPageFile size 21M)
current process WorkingSet (physical memory assigned to process): 661M, peak: 661M
current process commit charge ("private bytes"): 714M, peak: 716M

vm_info: Java HotSpot(TM) 64-Bit Server VM (17.0.8+9-LTS-211) for windows-amd64 JRE (17.0.8+9-LTS-211), built on Jun 14 2023 10:34:31 by "mach5one" with MS VC++ 17.1 (VS2022)

END.
